-- Synthetic Data Insert Statements for Disaster Planner Application
-- Tables: caregiver, carerecipient, preparation
-- Relationship: 1:1:1 (one caregiver to one carerecipient to one preparation)

-- Insert into caregiver table
INSERT INTO public.caregiver (caregiver_id, first_name, last_name, age, gender, phone, email, street, city, state, zip, create_date) VALUES
(200, 'Maria', 'Rodriguez', 58, 'F', '8135550101', 'maria.rodriguez@email.com', '1234 Oak Street', 'Tampa', 'FL', '33601', '2025-01-15 10:30:00'),
(201, 'James', 'Wilson', 65, 'M', '7275550102', 'james.wilson@email.com', '5678 Pine Avenue', 'St. Petersburg', 'FL', '33701', '2025-01-16 11:15:00'),
(202, 'Patricia', 'Martinez', 62, 'F', '9415550103', 'patricia.martinez@email.com', '9012 Maple Drive', 'Sarasota', 'FL', '34236', '2025-01-17 14:20:00'),
(203, 'Robert', 'Anderson', 70, 'M', '8135550104', 'robert.anderson@email.com', '3456 Elm Street', 'Tampa', 'FL', '33602', '2025-01-18 09:45:00'),
(204, 'Linda', 'Taylor', 59, 'F', '7275550105', 'linda.taylor@email.com', '7890 Cedar Lane', 'Clearwater', 'FL', '33755', '2025-01-19 16:30:00'),
(205, 'Michael', 'Thomas', 64, 'M', '9415550106', 'michael.thomas@email.com', '2345 Birch Road', 'Bradenton', 'FL', '34205', '2025-01-20 08:00:00'),
(206, 'Barbara', 'Jackson', 61, 'F', '8135550107', 'barbara.jackson@email.com', '6789 Spruce Court', 'Tampa', 'FL', '33603', '2025-01-21 12:15:00'),
(207, 'William', 'White', 68, 'M', '7275550108', 'william.white@email.com', '1234 Willow Way', 'St. Petersburg', 'FL', '33702', '2025-01-22 13:45:00'),
(208, 'Elizabeth', 'Harris', 63, 'F', '9415550109', 'elizabeth.harris@email.com', '5678 Cypress Street', 'Sarasota', 'FL', '34237', '2025-01-23 10:20:00'),
(209, 'David', 'Martin', 66, 'M', '8135550110', 'david.martin@email.com', '9012 Magnolia Avenue', 'Tampa', 'FL', '33604', '2025-01-24 15:00:00'),
(210, 'Jennifer', 'Thompson', 60, 'F', '7275550111', 'jennifer.thompson@email.com', '3456 Dogwood Drive', 'Clearwater', 'FL', '33756', '2025-01-25 11:30:00'),
(211, 'Richard', 'Garcia', 67, 'M', '9415550112', 'richard.garcia@email.com', '7890 Hickory Lane', 'Bradenton', 'FL', '34206', '2025-01-26 09:15:00'),
(212, 'Susan', 'Martinez', 59, 'F', '8135550113', 'susan.martinez@email.com', '2345 Redwood Road', 'Tampa', 'FL', '33605', '2025-01-27 14:45:00'),
(213, 'Joseph', 'Robinson', 69, 'M', '7275550114', 'joseph.robinson@email.com', '6789 Sycamore Street', 'St. Petersburg', 'FL', '33703', '2025-01-28 08:30:00'),
(214, 'Jessica', 'Clark', 61, 'F', '9415550115', 'jessica.clark@email.com', '1234 Poplar Avenue', 'Sarasota', 'FL', '34238', '2025-01-29 12:00:00'),
(215, 'Charles', 'Lewis', 65, 'M', '8135550116', 'charles.lewis@email.com', '5678 Ash Court', 'Tampa', 'FL', '33606', '2025-01-30 16:20:00'),
(216, 'Sarah', 'Lee', 62, 'F', '7275550117', 'sarah.lee@email.com', '9012 Beech Way', 'Clearwater', 'FL', '33757', '2025-02-01 10:45:00'),
(217, 'Christopher', 'Walker', 68, 'M', '9415550118', 'christopher.walker@email.com', '3456 Chestnut Drive', 'Bradenton', 'FL', '34207', '2025-02-02 13:15:00'),
(218, 'Nancy', 'Hall', 64, 'F', '8135550119', 'nancy.hall@email.com', '7890 Walnut Lane', 'Tampa', 'FL', '33607', '2025-02-03 09:00:00'),
(219, 'Daniel', 'Allen', 66, 'M', '7275550120', 'daniel.allen@email.com', '2345 Cherry Street', 'St. Petersburg', 'FL', '33704', '2025-02-04 15:30:00'),
(220, 'Lisa', 'Young', 60, 'F', '9415550121', 'lisa.young@email.com', '6789 Apple Road', 'Sarasota', 'FL', '34239', '2025-02-05 11:00:00'),
(221, 'Matthew', 'King', 67, 'M', '8135550122', 'matthew.king@email.com', '1234 Peach Avenue', 'Tampa', 'FL', '33608', '2025-02-06 14:20:00'),
(222, 'Betty', 'Wright', 63, 'F', '7275550123', 'betty.wright@email.com', '5678 Orange Court', 'Clearwater', 'FL', '33758', '2025-02-07 08:45:00'),
(223, 'Anthony', 'Lopez', 69, 'M', '9415550124', 'anthony.lopez@email.com', '9012 Lemon Way', 'Bradenton', 'FL', '34208', '2025-02-08 12:30:00'),
(224, 'Margaret', 'Hill', 61, 'F', '8135550125', 'margaret.hill@email.com', '3456 Lime Drive', 'Tampa', 'FL', '33609', '2025-02-09 16:00:00'),
(225, 'Mark', 'Scott', 65, 'M', '7275550126', 'mark.scott@email.com', '7890 Grape Lane', 'St. Petersburg', 'FL', '33705', '2025-02-10 10:15:00'),
(226, 'Sandra', 'Green', 62, 'F', '9415550127', 'sandra.green@email.com', '2345 Berry Street', 'Sarasota', 'FL', '34240', '2025-02-11 13:45:00'),
(227, 'Donald', 'Adams', 70, 'M', '8135550128', 'donald.adams@email.com', '6789 Mango Road', 'Tampa', 'FL', '33610', '2025-02-12 09:30:00'),
(228, 'Ashley', 'Baker', 58, 'F', '7275550129', 'ashley.baker@email.com', '1234 Papaya Avenue', 'Clearwater', 'FL', '33759', '2025-02-13 15:00:00'),
(229, 'Steven', 'Gonzalez', 66, 'M', '9415550130', 'steven.gonzalez@email.com', '5678 Kiwi Court', 'Bradenton', 'FL', '34209', '2025-02-14 11:20:00'),
(230, 'Roberto', 'Fernandez', 63, 'M', '8135550131', 'roberto.fernandez@email.com', '8901 Palm Boulevard', 'Tampa', 'FL', '33611', '2025-02-15 09:15:00'),
(231, 'Catherine', 'Moore', 59, 'F', '7275550132', 'catherine.moore@email.com', '4567 Bay Drive', 'St. Petersburg', 'FL', '33706', '2025-02-15 14:30:00'),
(232, 'Carlos', 'Rivera', 64, 'M', '9415550133', 'carlos.rivera@email.com', '2345 Gulf View', 'Sarasota', 'FL', '34241', '2025-02-16 10:20:00'),
(233, 'Diane', 'Cooper', 61, 'F', '8135550134', 'diane.cooper@email.com', '6789 Sunset Avenue', 'Tampa', 'FL', '33612', '2025-02-16 15:45:00'),
(234, 'Jose', 'Torres', 67, 'M', '7275550135', 'jose.torres@email.com', '1234 Harbor Way', 'Clearwater', 'FL', '33760', '2025-02-17 08:30:00'),
(235, 'Karen', 'Peterson', 62, 'F', '9415550136', 'karen.peterson@email.com', '5678 Beach Road', 'Bradenton', 'FL', '34210', '2025-02-17 11:50:00'),
(236, 'Miguel', 'Sanchez', 65, 'M', '8135550137', 'miguel.sanchez@email.com', '9012 Coral Street', 'Tampa', 'FL', '33613', '2025-02-18 09:00:00'),
(237, 'Pamela', 'Reed', 60, 'F', '7275550138', 'pamela.reed@email.com', '3456 Marina Drive', 'St. Petersburg', 'FL', '33707', '2025-02-18 13:20:00'),
(238, 'Fernando', 'Ramirez', 66, 'M', '9415550139', 'fernando.ramirez@email.com', '7890 Island Lane', 'Sarasota', 'FL', '34242', '2025-02-19 10:10:00'),
(239, 'Rebecca', 'Bailey', 58, 'F', '8135550140', 'rebecca.bailey@email.com', '2345 Coastal Highway', 'Tampa', 'FL', '33614', '2025-02-19 16:25:00'),
(240, 'Luis', 'Cruz', 69, 'M', '7275550141', 'luis.cruz@email.com', '5678 Bridge Street', 'Clearwater', 'FL', '33761', '2025-02-20 08:45:00'),
(241, 'Sharon', 'Ward', 63, 'F', '9415550142', 'sharon.ward@email.com', '1234 Sandpiper Court', 'Bradenton', 'FL', '34211', '2025-02-20 12:15:00'),
(242, 'Ana', 'Morales', 61, 'F', '8135550143', 'ana.morales@email.com', '8901 Seagull Avenue', 'Tampa', 'FL', '33615', '2025-02-21 09:30:00'),
(243, 'Edward', 'Turner', 68, 'M', '7275550144', 'edward.turner@email.com', '4567 Pelican Way', 'St. Petersburg', 'FL', '33708', '2025-02-21 14:00:00'),
(244, 'Isabel', 'Ortiz', 64, 'F', '9415550145', 'isabel.ortiz@email.com', '2345 Dolphin Drive', 'Sarasota', 'FL', '34243', '2025-02-22 10:40:00'),
(245, 'Frank', 'Phillips', 70, 'M', '8135550146', 'frank.phillips@email.com', '6789 Tropicana Boulevard', 'Tampa', 'FL', '33616', '2025-02-22 15:20:00'),
(246, 'Carmen', 'Vargas', 59, 'F', '7275550147', 'carmen.vargas@email.com', '1234 Bayshore Drive', 'Clearwater', 'FL', '33762', '2025-02-23 08:50:00'),
(247, 'Gary', 'Campbell', 66, 'M', '9415550148', 'gary.campbell@email.com', '5678 Key West Avenue', 'Bradenton', 'FL', '34212', '2025-02-23 11:30:00'),
(248, 'Rosa', 'Jimenez', 62, 'F', '8135550149', 'rosa.jimenez@email.com', '9012 Paradise Lane', 'Tampa', 'FL', '33617', '2025-02-24 09:15:00'),
(249, 'Thomas', 'Parker', 67, 'M', '7275550150', 'thomas.parker@email.com', '3456 Ocean View', 'St. Petersburg', 'FL', '33709', '2025-02-24 13:45:00'),
(250, 'Gloria', 'Herrera', 60, 'F', '9415550151', 'gloria.herrera@email.com', '7890 Seaside Street', 'Sarasota', 'FL', '34244', '2025-02-25 10:25:00'),
(251, 'Raymond', 'Evans', 65, 'M', '8135550152', 'raymond.evans@email.com', '2345 Windward Drive', 'Tampa', 'FL', '33618', '2025-02-25 16:10:00'),
(252, 'Yolanda', 'Castillo', 63, 'F', '7275550153', 'yolanda.castillo@email.com', '5678 Leeward Lane', 'Clearwater', 'FL', '33763', '2025-02-26 08:35:00'),
(253, 'Ralph', 'Edwards', 69, 'M', '9415550154', 'ralph.edwards@email.com', '1234 Tradewinds Court', 'Bradenton', 'FL', '34213', '2025-02-26 12:00:00'),
(254, 'Sofia', 'Mendoza', 61, 'F', '8135550155', 'sofia.mendoza@email.com', '8901 Hurricane Way', 'Tampa', 'FL', '33619', '2025-02-27 09:20:00'),
(255, 'Lawrence', 'Collins', 64, 'M', '7275550156', 'lawrence.collins@email.com', '4567 Storm Street', 'St. Petersburg', 'FL', '33710', '2025-02-27 14:30:00'),
(256, 'Blanca', 'Ramos', 58, 'F', '9415550157', 'blanca.ramos@email.com', '2345 Rain Avenue', 'Sarasota', 'FL', '34245', '2025-02-28 10:05:00'),
(257, 'Wayne', 'Stewart', 66, 'M', '8135550158', 'wayne.stewart@email.com', '6789 Cloud Drive', 'Tampa', 'FL', '33620', '2025-02-28 15:40:00'),
(258, 'Esperanza', 'Gutierrez', 62, 'F', '7275550159', 'esperanza.gutierrez@email.com', '1234 Sunshine Boulevard', 'Clearwater', 'FL', '33764', '2025-03-01 08:55:00'),
(259, 'Eugene', 'Morris', 68, 'M', '9415550160', 'eugene.morris@email.com', '5678 Bright Lane', 'Bradenton', 'FL', '34214', '2025-03-01 11:15:00'),
(260, 'Dolores', 'Reyes', 59, 'F', '8135550161', 'dolores.reyes@email.com', '9012 Warm Court', 'Tampa', 'FL', '33621', '2025-03-02 09:30:00'),
(261, 'Louis', 'Rogers', 70, 'M', '7275550162', 'louis.rogers@email.com', '3456 Hot Avenue', 'St. Petersburg', 'FL', '33711', '2025-03-02 13:50:00'),
(262, 'Concepcion', 'Alvarez', 64, 'F', '9415550163', 'concepcion.alvarez@email.com', '7890 Humid Street', 'Sarasota', 'FL', '34246', '2025-03-03 10:20:00'),
(263, 'Harold', 'Reed', 65, 'M', '8135550164', 'harold.reed@email.com', '2345 Muggy Drive', 'Tampa', 'FL', '33622', '2025-03-03 16:00:00'),
(264, 'Alicia', 'Moreno', 61, 'F', '7275550165', 'alicia.moreno@email.com', '5678 Steamy Lane', 'Clearwater', 'FL', '33765', '2025-03-04 08:40:00'),
(265, 'Roy', 'Cook', 67, 'M', '9415550166', 'roy.cook@email.com', '1234 Sweltering Way', 'Bradenton', 'FL', '34215', '2025-03-04 12:25:00'),
(266, 'Graciela', 'Delgado', 63, 'F', '8135550167', 'graciela.delgado@email.com', '8901 Tropical Court', 'Tampa', 'FL', '33623', '2025-03-05 09:10:00'),
(267, 'Bobby', 'Morgan', 66, 'M', '7275550168', 'bobby.morgan@email.com', '4567 Subtropical Avenue', 'St. Petersburg', 'FL', '33712', '2025-03-05 14:20:00'),
(268, 'Esther', 'Silva', 60, 'F', '9415550169', 'esther.silva@email.com', '2345 Equatorial Street', 'Sarasota', 'FL', '34247', '2025-03-06 10:35:00'),
(269, 'Johnny', 'Bell', 69, 'M', '8135550170', 'johnny.bell@email.com', '6789 Meridian Drive', 'Tampa', 'FL', '33624', '2025-03-06 15:55:00'),
(270, 'Amparo', 'Vasquez', 62, 'F', '7275550171', 'amparo.vasquez@email.com', '1234 Latitude Lane', 'Clearwater', 'FL', '33766', '2025-03-07 08:25:00'),
(271, 'Randy', 'Murphy', 64, 'M', '9415550172', 'randy.murphy@email.com', '5678 Longitude Way', 'Bradenton', 'FL', '34216', '2025-03-07 11:45:00'),
(272, 'Consuelo', 'Medina', 58, 'F', '8135550173', 'consuelo.medina@email.com', '9012 Parallel Court', 'Tampa', 'FL', '33625', '2025-03-08 09:00:00'),
(273, 'Philip', 'Rivera', 68, 'M', '7275550174', 'philip.rivera@email.com', '3456 Perpendicular Avenue', 'St. Petersburg', 'FL', '33713', '2025-03-08 13:30:00'),
(274, 'Rocio', 'Aguilar', 61, 'F', '9415550175', 'rocio.aguilar@email.com', '7890 Intersection Street', 'Sarasota', 'FL', '34248', '2025-03-09 10:15:00'),
(275, 'Bruce', 'Cooper', 65, 'M', '8135550176', 'bruce.cooper@email.com', '2345 Junction Drive', 'Tampa', 'FL', '33626', '2025-03-09 16:30:00'),
(276, 'Luz', 'Pena', 63, 'F', '7275550177', 'luz.pena@email.com', '5678 Crossroad Lane', 'Clearwater', 'FL', '33767', '2025-03-10 08:50:00'),
(277, 'Alan', 'Richardson', 67, 'M', '9415550178', 'alan.richardson@email.com', '1234 Roundabout Way', 'Bradenton', 'FL', '34217', '2025-03-10 12:10:00'),
(278, 'Ofelia', 'Rios', 59, 'F', '8135550179', 'ofelia.rios@email.com', '8901 Traffic Circle', 'Tampa', 'FL', '33627', '2025-03-11 09:25:00'),
(279, 'Howard', 'Cox', 70, 'M', '7275550180', 'howard.cox@email.com', '4567 Rotary Court', 'St. Petersburg', 'FL', '33714', '2025-03-11 14:40:00'),
(280, 'Teresa', 'Valdez', 64, 'F', '9415550181', 'teresa.valdez@email.com', '2345 Square Avenue', 'Sarasota', 'FL', '34249', '2025-03-12 10:05:00'),
(281, 'Juan', 'Howard', 66, 'M', '8135550182', 'juan.howard@email.com', '6789 Circle Street', 'Tampa', 'FL', '33628', '2025-03-12 15:20:00'),
(282, 'Norma', 'Ward', 62, 'F', '7275550183', 'norma.ward@email.com', '1234 Triangle Drive', 'Clearwater', 'FL', '33768', '2025-03-13 08:35:00'),
(283, 'Raul', 'Torres', 69, 'M', '9415550184', 'raul.torres@email.com', '5678 Pentagon Lane', 'Bradenton', 'FL', '34218', '2025-03-13 11:55:00'),
(284, 'Iris', 'Peterson', 60, 'F', '8135550185', 'iris.peterson@email.com', '9012 Hexagon Way', 'Tampa', 'FL', '33629', '2025-03-14 09:10:00'),
(285, 'Gerald', 'Gray', 65, 'M', '7275550186', 'gerald.gray@email.com', '3456 Octagon Court', 'St. Petersburg', 'FL', '33715', '2025-03-14 13:25:00'),
(286, 'Elvira', 'Ramirez', 61, 'F', '9415550187', 'elvira.ramirez@email.com', '7890 Polygon Avenue', 'Sarasota', 'FL', '34250', '2025-03-15 10:40:00'),
(287, 'Keith', 'James', 68, 'M', '8135550188', 'keith.james@email.com', '2345 Geometry Street', 'Tampa', 'FL', '33630', '2025-03-15 16:00:00'),
(288, 'Adriana', 'Watson', 63, 'F', '7275550189', 'adriana.watson@email.com', '5678 Algebra Drive', 'Clearwater', 'FL', '33769', '2025-03-16 08:15:00'),
(289, 'Roger', 'Brooks', 64, 'M', '9415550190', 'roger.brooks@email.com', '1234 Calculus Lane', 'Bradenton', 'FL', '34219', '2025-03-16 12:30:00'),
(290, 'Guadalupe', 'Kelly', 58, 'F', '8135550191', 'guadalupe.kelly@email.com', '8901 Statistics Way', 'Tampa', 'FL', '33631', '2025-03-17 09:45:00'),
(291, 'Peter', 'Sanders', 67, 'M', '7275550192', 'peter.sanders@email.com', '4567 Probability Court', 'St. Petersburg', 'FL', '33716', '2025-03-17 14:05:00'),
(292, 'Rosario', 'Price', 62, 'F', '9415550193', 'rosario.price@email.com', '2345 Data Avenue', 'Sarasota', 'FL', '34251', '2025-03-18 10:20:00'),
(293, 'Carl', 'Bennett', 66, 'M', '8135550194', 'carl.bennett@email.com', '6789 Analysis Street', 'Tampa', 'FL', '33632', '2025-03-18 15:35:00'),
(294, 'Marta', 'Wood', 60, 'F', '7275550195', 'marta.wood@email.com', '1234 Research Drive', 'Clearwater', 'FL', '33770', '2025-03-19 08:50:00'),
(295, 'Jesse', 'Barnes', 69, 'M', '9415550196', 'jesse.barnes@email.com', '5678 Study Lane', 'Bradenton', 'FL', '34220', '2025-03-19 12:10:00'),
(296, 'Beatriz', 'Ross', 61, 'F', '8135550197', 'beatriz.ross@email.com', '9012 Thesis Way', 'Tampa', 'FL', '33633', '2025-03-20 09:25:00'),
(297, 'Dennis', 'Henderson', 65, 'M', '7275550198', 'dennis.henderson@email.com', '3456 Paper Court', 'St. Petersburg', 'FL', '33717', '2025-03-20 13:40:00'),
(298, 'Soledad', 'Coleman', 63, 'F', '9415550199', 'soledad.coleman@email.com', '7890 Report Avenue', 'Sarasota', 'FL', '34252', '2025-03-21 10:55:00'),
(299, 'Jerry', 'Jenkins', 70, 'M', '8135550200', 'jerry.jenkins@email.com', '2345 Document Street', 'Tampa', 'FL', '33634', '2025-03-21 16:15:00'),
(300, 'Catalina', 'Perry', 59, 'F', '7275550201', 'catalina.perry@email.com', '5678 File Drive', 'Clearwater', 'FL', '33771', '2025-03-22 08:30:00'),
(301, 'Russell', 'Powell', 64, 'M', '9415550202', 'russell.powell@email.com', '1234 Folder Lane', 'Bradenton', 'FL', '34221', '2025-03-22 11:50:00'),
(302, 'Esperanza', 'Long', 62, 'F', '8135550203', 'esperanza.long@email.com', '8901 Archive Way', 'Tampa', 'FL', '33635', '2025-03-23 09:05:00'),
(303, 'John', 'Patterson', 68, 'M', '7275550204', 'john.patterson@email.com', '4567 Library Court', 'St. Petersburg', 'FL', '33718', '2025-03-23 13:20:00'),
(304, 'Diana', 'Hughes', 61, 'F', '9415550205', 'diana.hughes@email.com', '2345 Book Avenue', 'Sarasota', 'FL', '34253', '2025-03-24 10:35:00'),
(305, 'Paul', 'Flores', 66, 'M', '8135550206', 'paul.flores@email.com', '6789 Novel Street', 'Tampa', 'FL', '33636', '2025-03-24 15:50:00'),
(306, 'Aurora', 'Washington', 60, 'F', '7275550207', 'aurora.washington@email.com', '1234 Story Drive', 'Clearwater', 'FL', '33772', '2025-03-25 08:05:00'),
(307, 'Steve', 'Butler', 67, 'M', '9415550208', 'steve.butler@email.com', '5678 Tale Lane', 'Bradenton', 'FL', '34222', '2025-03-25 12:25:00'),
(308, 'Ines', 'Simmons', 63, 'F', '8135550209', 'ines.simmons@email.com', '9012 Fable Way', 'Tampa', 'FL', '33637', '2025-03-26 09:40:00'),
(309, 'Timothy', 'Foster', 65, 'M', '7275550210', 'timothy.foster@email.com', '3456 Legend Court', 'St. Petersburg', 'FL', '33719', '2025-03-26 13:55:00'),
(310, 'Olga', 'Gonzales', 58, 'F', '9415550211', 'olga.gonzales@email.com', '7890 Myth Avenue', 'Sarasota', 'FL', '34254', '2025-03-27 10:10:00'),
(311, 'Larry', 'Bryant', 69, 'M', '8135550212', 'larry.bryant@email.com', '2345 Epic Street', 'Tampa', 'FL', '33638', '2025-03-27 15:25:00'),
(312, 'Raquel', 'Alexander', 64, 'F', '7275550213', 'raquel.alexander@email.com', '5678 Saga Drive', 'Clearwater', 'FL', '33773', '2025-03-28 08:40:00'),
(313, 'Gregory', 'Russell', 66, 'M', '9415550214', 'gregory.russell@email.com', '1234 Chronicle Lane', 'Bradenton', 'FL', '34223', '2025-03-28 12:00:00'),
(314, 'Pilar', 'Griffin', 62, 'F', '8135550215', 'pilar.griffin@email.com', '8901 History Way', 'Tampa', 'FL', '33639', '2025-03-29 09:15:00'),
(315, 'Ryan', 'Diaz', 70, 'M', '7275550216', 'ryan.diaz@email.com', '4567 Past Court', 'St. Petersburg', 'FL', '33720', '2025-03-29 13:30:00'),
(316, 'Mercedes', 'Hayes', 61, 'F', '9415550217', 'mercedes.hayes@email.com', '2345 Present Avenue', 'Sarasota', 'FL', '34255', '2025-03-30 10:45:00'),
(317, 'Sean', 'Myers', 68, 'M', '8135550218', 'sean.myers@email.com', '6789 Future Street', 'Tampa', 'FL', '33640', '2025-03-30 16:00:00'),
(318, 'Leticia', 'Ford', 59, 'F', '7275550219', 'leticia.ford@email.com', '1234 Time Drive', 'Clearwater', 'FL', '33774', '2025-03-31 08:15:00'),
(319, 'Brandon', 'Hamilton', 65, 'M', '9415550220', 'brandon.hamilton@email.com', '5678 Epoch Lane', 'Bradenton', 'FL', '34224', '2025-03-31 11:35:00'),
(320, 'Margarita', 'Graham', 63, 'F', '8135550221', 'margarita.graham@email.com', '9012 Era Way', 'Tampa', 'FL', '33641', '2025-03-31 14:50:00'),
(321, 'Nathan', 'Sullivan', 64, 'M', '7275550222', 'nathan.sullivan@email.com', '3456 Age Court', 'St. Petersburg', 'FL', '33721', '2025-03-31 16:10:00'),
(322, 'Dora', 'Wallace', 60, 'F', '9415550223', 'dora.wallace@email.com', '7890 Period Avenue', 'Sarasota', 'FL', '34256', '2025-03-31 17:25:00'),
(323, 'Tyler', 'Woods', 67, 'M', '8135550224', 'tyler.woods@email.com', '2345 Moment Street', 'Tampa', 'FL', '33642', '2025-03-31 18:40:00'),
(324, 'Elena', 'Cole', 62, 'F', '7275550225', 'elena.cole@email.com', '5678 Instant Drive', 'Clearwater', 'FL', '33775', '2025-03-31 19:55:00'),
(325, 'Justin', 'West', 66, 'M', '9415550226', 'justin.west@email.com', '1234 Second Lane', 'Bradenton', 'FL', '34225', '2025-03-31 20:05:00'),
(326, 'Felicia', 'Jordan', 61, 'F', '8135550227', 'felicia.jordan@email.com', '8901 Minute Way', 'Tampa', 'FL', '33643', '2025-03-31 21:20:00'),
(327, 'Aaron', 'Owens', 69, 'M', '7275550228', 'aaron.owens@email.com', '4567 Hour Court', 'St. Petersburg', 'FL', '33722', '2025-03-31 22:35:00'),
(328, 'Gabriela', 'Reynolds', 58, 'F', '9415550229', 'gabriela.reynolds@email.com', '2345 Day Avenue', 'Sarasota', 'FL', '34257', '2025-03-31 23:50:00'),
(329, 'Kyle', 'Fisher', 70, 'M', '8135550230', 'kyle.fisher@email.com', '6789 Week Street', 'Tampa', 'FL', '33644', '2025-03-31 23:59:00'),
(330, 'Angela', 'Martinez', 61, 'F', '8135550231', 'angela.martinez@email.com', '3456 Month Avenue', 'Tampa', 'FL', '33645', '2025-04-01 09:00:00'),
(331, 'Benjamin', 'Stone', 66, 'M', '7275550232', 'benjamin.stone@email.com', '7890 Year Street', 'St. Petersburg', 'FL', '33723', '2025-04-01 13:15:00'),
(332, 'Patricia', 'Ruiz', 64, 'F', '9415550233', 'patricia.ruiz@email.com', '1234 Decade Drive', 'Sarasota', 'FL', '34258', '2025-04-02 10:30:00'),
(333, 'Jonathan', 'Bishop', 68, 'M', '8135550234', 'jonathan.bishop@email.com', '5678 Century Lane', 'Tampa', 'FL', '33646', '2025-04-02 15:45:00'),
(334, 'Monica', 'Dominguez', 59, 'F', '7275550235', 'monica.dominguez@email.com', '9012 Millennium Way', 'Clearwater', 'FL', '33776', '2025-04-03 08:20:00'),
(335, 'Kevin', 'Freeman', 70, 'M', '9415550236', 'kevin.freeman@email.com', '2345 Eternity Court', 'Bradenton', 'FL', '34226', '2025-04-03 12:40:00'),
(336, 'Rosa', 'Castaneda', 62, 'F', '8135550237', 'rosa.castaneda@email.com', '6789 Infinity Avenue', 'Tampa', 'FL', '33647', '2025-04-04 09:55:00'),
(337, 'Jason', 'Wells', 65, 'M', '7275550238', 'jason.wells@email.com', '1234 Universe Street', 'St. Petersburg', 'FL', '33724', '2025-04-04 14:10:00'),
(338, 'Laura', 'Espinoza', 63, 'F', '9415550239', 'laura.espinoza@email.com', '5678 Galaxy Drive', 'Sarasota', 'FL', '34259', '2025-04-05 10:25:00'),
(339, 'Eric', 'Fuller', 67, 'M', '8135550240', 'eric.fuller@email.com', '9012 Solar Lane', 'Tampa', 'FL', '33648', '2025-04-05 16:40:00'),
(340, 'Carmen', 'Vega', 60, 'F', '7275550241', 'carmen.vega@email.com', '2345 Lunar Way', 'Clearwater', 'FL', '33777', '2025-04-06 08:55:00'),
(341, 'Scott', 'Johnston', 69, 'M', '9415550242', 'scott.johnston@email.com', '6789 Stellar Court', 'Bradenton', 'FL', '34227', '2025-04-06 13:15:00'),
(342, 'Ana', 'Carrillo', 61, 'F', '8135550243', 'ana.carrillo@email.com', '1234 Cosmic Avenue', 'Tampa', 'FL', '33649', '2025-04-07 09:30:00'),
(343, 'Brian', 'Warren', 64, 'M', '7275550244', 'brian.warren@email.com', '5678 Astral Street', 'St. Petersburg', 'FL', '33725', '2025-04-07 14:45:00'),
(344, 'Sandra', 'Acosta', 58, 'F', '9415550245', 'sandra.acosta@email.com', '9012 Celestial Drive', 'Sarasota', 'FL', '34260', '2025-04-08 10:00:00'),
(345, 'Nicholas', 'Holmes', 66, 'M', '8135550246', 'nicholas.holmes@email.com', '2345 Heavenly Lane', 'Tampa', 'FL', '33650', '2025-04-08 16:20:00'),
(346, 'Maria', 'Villanueva', 62, 'F', '7275550247', 'maria.villanueva@email.com', '6789 Divine Way', 'Clearwater', 'FL', '33778', '2025-04-09 08:35:00'),
(347, 'Adam', 'Meyer', 68, 'M', '9415550248', 'adam.meyer@email.com', '1234 Sacred Court', 'Bradenton', 'FL', '34228', '2025-04-09 12:50:00'),
(348, 'Lucia', 'Navarro', 63, 'F', '8135550249', 'lucia.navarro@email.com', '5678 Holy Avenue', 'Tampa', 'FL', '33651', '2025-04-10 09:05:00'),
(349, 'Jordan', 'Schmidt', 65, 'M', '7275550250', 'jordan.schmidt@email.com', '9012 Blessed Street', 'St. Petersburg', 'FL', '33726', '2025-04-10 14:25:00'),
(350, 'Amanda', 'Chen', 45, 'F', '8135550251', 'amanda.chen@email.com', '1234 Innovation Drive', 'Tampa', 'FL', '33652', '2025-04-11 10:00:00'),
(351, 'Marcus', 'Johnson', 72, 'M', '7275550252', 'marcus.johnson@email.com', '5678 Heritage Lane', 'St. Petersburg', 'FL', '33727', '2025-04-11 14:15:00'),
(352, 'Victoria', 'Kim', 38, 'F', '9415550253', 'victoria.kim@email.com', '2345 Sunrise Boulevard', 'Sarasota', 'FL', '34261', '2025-04-12 09:30:00'),
(353, 'Franklin', 'Washington', 78, 'M', '8135550254', 'franklin.washington@email.com', '6789 Sunset Way', 'Tampa', 'FL', '33653', '2025-04-12 15:45:00'),
(354, 'Isabella', 'Rodriguez', 42, 'F', '7275550255', 'isabella.rodriguez@email.com', '1234 Ocean View', 'Clearwater', 'FL', '33779', '2025-04-13 11:00:00'),
(355, 'Theodore', 'Brown', 85, 'M', '9415550256', 'theodore.brown@email.com', '5678 Mountain Drive', 'Bradenton', 'FL', '34229', '2025-04-13 16:20:00'),
(356, 'Olivia', 'Davis', 35, 'F', '8135550257', 'olivia.davis@email.com', '2345 River Street', 'Tampa', 'FL', '33654', '2025-04-14 10:35:00'),
(357, 'Harold', 'Miller', 88, 'M', '7275550258', 'harold.miller@email.com', '7890 Lake Avenue', 'St. Petersburg', 'FL', '33728', '2025-04-14 14:50:00'),
(358, 'Sophia', 'Garcia', 48, 'F', '9415550259', 'sophia.garcia@email.com', '3456 Forest Lane', 'Sarasota', 'FL', '34262', '2025-04-15 09:15:00'),
(359, 'Robert', 'Williams', 82, 'M', '8135550260', 'robert.williams@email.com', '9012 Park Boulevard', 'Tampa', 'FL', '33655', '2025-04-15 15:30:00'),
(360, 'Emma', 'Martinez', 41, 'F', '7275550261', 'emma.martinez@email.com', '1234 Garden Court', 'Clearwater', 'FL', '33780', '2025-04-16 11:45:00'),
(361, 'Charles', 'Jones', 79, 'M', '9415550262', 'charles.jones@email.com', '5678 Meadow Way', 'Bradenton', 'FL', '34230', '2025-04-16 16:00:00');

-- Insert into carerecipient table
INSERT INTO public.carerecipient (carerecipient_id, first_name, last_name, age, gender, condition, condition_category, condition_severity, special_needs, create_date, caregiver_id) VALUES
(200, 'Elena', 'Rodriguez', 82, 'F', 'confusion', 'memory', 'moderate', 'specialFoods', '2025-01-15 10:35:00', 200),
(201, 'George', 'Wilson', 88, 'M', 'heart failure', 'cardiac', 'high', 'quietEnvironment', '2025-01-16 11:20:00', 201),
(202, 'Carmen', 'Martinez', 85, 'F', 'COPD', 'respiratory', 'moderate', 'specialFoods', '2025-01-17 14:25:00', 202),
(203, 'Harold', 'Anderson', 92, 'M', 'wheelchair use', 'mobility', 'critical', 'wheelchairAccess', '2025-01-18 09:50:00', 203),
(204, 'Dorothy', 'Taylor', 87, 'F', 'anxiety', 'mental_health', 'moderate', 'quietEnvironment', '2025-01-19 16:35:00', 204),
(205, 'Frank', 'Thomas', 90, 'M', 'Alzheimers', 'memory', 'high', 'specialFoods', '2025-01-20 08:05:00', 205),
(206, 'Ruth', 'Jackson', 84, 'F', 'heart disease', 'cardiac', 'moderate', 'medicationSchedule', '2025-01-21 12:20:00', 206),
(207, 'Raymond', 'White', 89, 'M', 'oxygen dependent', 'respiratory', 'high', 'oxygenTank', '2025-01-22 13:50:00', 207),
(208, 'Helen', 'Harris', 86, 'F', 'difficulty walking', 'mobility', 'moderate', 'walker', '2025-01-23 10:25:00', 208),
(209, 'Arthur', 'Martin', 91, 'M', 'anxiety', 'mental_health', 'low', 'quietEnvironment', '2025-01-24 15:05:00', 209),
(210, 'Frances', 'Thompson', 83, 'F', 'confusion', 'memory', 'low', 'specialFoods', '2025-01-25 11:35:00', 210),
(211, 'Eugene', 'Garcia', 88, 'M', 'heart disease', 'cardiac', 'moderate', 'lowSodiumDiet', '2025-01-26 09:20:00', 211),
(212, 'Marie', 'Martinez', 85, 'F', 'asthma', 'respiratory', 'moderate', 'specialFoods', '2025-01-27 14:50:00', 212),
(213, 'Louis', 'Robinson', 93, 'M', 'wheelchair use', 'mobility', 'critical', 'wheelchairAccess', '2025-01-28 08:35:00', 213),
(214, 'Alice', 'Clark', 87, 'F', 'panic disorders', 'mental_health', 'moderate', 'quietEnvironment', '2025-01-29 12:05:00', 214),
(215, 'Ralph', 'Lewis', 90, 'M', 'dementia', 'memory', 'high', 'specialFoods', '2025-01-30 16:25:00', 215),
(216, 'Mildred', 'Lee', 84, 'F', 'heart disease', 'cardiac', 'moderate', 'medicationSchedule', '2025-02-01 10:50:00', 216),
(217, 'Carl', 'Walker', 89, 'M', 'oxygen dependent', 'respiratory', 'high', 'oxygenTank', '2025-02-02 13:20:00', 217),
(218, 'Lillian', 'Hall', 86, 'F', 'wheelchair use', 'mobility', 'moderate', 'walker', '2025-02-03 09:05:00', 218),
(219, 'Victor', 'Allen', 91, 'M', 'anxiety', 'mental_health', 'low', 'quietEnvironment', '2025-02-04 15:35:00', 219),
(220, 'Gladys', 'Young', 83, 'F', 'confusion', 'memory', 'moderate', 'specialFoods', '2025-02-05 11:05:00', 220),
(221, 'Albert', 'King', 88, 'M', 'heart failure', 'cardiac', 'high', 'lowSodiumDiet', '2025-02-06 14:25:00', 221),
(222, 'Rose', 'Wright', 85, 'F', 'COPD', 'respiratory', 'moderate', 'specialFoods', '2025-02-07 08:50:00', 222),
(223, 'Clarence', 'Lopez', 92, 'M', 'wheelchair use', 'mobility', 'critical', 'wheelchairAccess', '2025-02-08 12:35:00', 223),
(224, 'Irene', 'Hill', 87, 'F', 'anxiety', 'mental_health', 'moderate', 'quietEnvironment', '2025-02-09 16:05:00', 224),
(225, 'Willie', 'Scott', 90, 'M', 'Alzheimers', 'memory', 'high', 'specialFoods', '2025-02-10 10:20:00', 225),
(226, 'Florence', 'Green', 84, 'F', 'heart disease', 'cardiac', 'moderate', 'medicationSchedule', '2025-02-11 13:50:00', 226),
(227, 'Henry', 'Adams', 89, 'M', 'oxygen dependent', 'respiratory', 'high', 'oxygenTank', '2025-02-12 09:35:00', 227),
(228, 'Ethel', 'Baker', 86, 'F', 'difficulty walking', 'mobility', 'moderate', 'walker', '2025-02-13 15:05:00', 228),
(229, 'Walter', 'Gonzalez', 91, 'M', 'panic disorders', 'mental_health', 'low', 'quietEnvironment', '2025-02-14 11:25:00', 229),
(230, 'Consuelo', 'Fernandez', 85, 'F', 'dementia', 'memory', 'high', 'specialFoods', '2025-02-15 09:20:00', 230),
(231, 'Robert', 'Moore', 89, 'M', 'heart disease', 'cardiac', 'moderate', 'medicationSchedule', '2025-02-15 14:35:00', 231),
(232, 'Rosa', 'Rivera', 87, 'F', 'COPD', 'respiratory', 'moderate', 'specialFoods', '2025-02-16 10:25:00', 232),
(233, 'Eleanor', 'Cooper', 84, 'F', 'difficulty walking', 'mobility', 'moderate', 'walker', '2025-02-16 15:50:00', 233),
(234, 'Manuel', 'Torres', 91, 'M', 'Alzheimers', 'memory', 'critical', 'specialFoods', '2025-02-17 08:35:00', 234),
(235, 'Dorothy', 'Peterson', 86, 'F', 'heart failure', 'cardiac', 'high', 'lowSodiumDiet', '2025-02-17 11:55:00', 235),
(236, 'Jose', 'Sanchez', 88, 'M', 'oxygen dependent', 'respiratory', 'high', 'oxygenTank', '2025-02-18 09:05:00', 236),
(237, 'Mildred', 'Reed', 83, 'F', 'anxiety', 'mental_health', 'moderate', 'quietEnvironment', '2025-02-18 13:25:00', 237),
(238, 'Carlos', 'Ramirez', 90, 'M', 'wheelchair use', 'mobility', 'critical', 'wheelchairAccess', '2025-02-19 10:15:00', 238),
(239, 'Helen', 'Bailey', 82, 'F', 'confusion', 'memory', 'moderate', 'specialFoods', '2025-02-19 16:30:00', 239),
(240, 'Eduardo', 'Cruz', 92, 'M', 'heart disease', 'cardiac', 'moderate', 'medicationSchedule', '2025-02-20 08:50:00', 240),
(241, 'Ruth', 'Ward', 85, 'F', 'asthma', 'respiratory', 'low', 'specialFoods', '2025-02-20 12:20:00', 241),
(242, 'Maria', 'Morales', 86, 'F', 'wheelchair use', 'mobility', 'moderate', 'walker', '2025-02-21 09:35:00', 242),
(243, 'Harold', 'Turner', 93, 'M', 'dementia', 'memory', 'critical', 'specialFoods', '2025-02-21 14:05:00', 243),
(244, 'Carmen', 'Ortiz', 88, 'F', 'heart failure', 'cardiac', 'high', 'lowSodiumDiet', '2025-02-22 10:45:00', 244),
(245, 'Frank', 'Phillips', 94, 'M', 'COPD', 'respiratory', 'moderate', 'specialFoods', '2025-02-22 15:25:00', 245),
(246, 'Isabel', 'Vargas', 84, 'F', 'panic disorders', 'mental_health', 'moderate', 'quietEnvironment', '2025-02-23 08:55:00', 246),
(247, 'George', 'Campbell', 91, 'M', 'wheelchair use', 'mobility', 'critical', 'wheelchairAccess', '2025-02-23 11:35:00', 247),
(248, 'Rosa', 'Jimenez', 87, 'F', 'dementia', 'memory', 'high', 'specialFoods', '2025-02-24 09:20:00', 248),
(249, 'Raymond', 'Parker', 92, 'M', 'heart disease', 'cardiac', 'moderate', 'medicationSchedule', '2025-02-24 13:50:00', 249),
(250, 'Gloria', 'Herrera', 85, 'F', 'oxygen dependent', 'respiratory', 'high', 'oxygenTank', '2025-02-25 10:30:00', 250),
(251, 'Arthur', 'Evans', 89, 'M', 'difficulty walking', 'mobility', 'moderate', 'walker', '2025-02-25 16:15:00', 251),
(252, 'Yolanda', 'Castillo', 83, 'F', 'anxiety', 'mental_health', 'low', 'quietEnvironment', '2025-02-26 08:40:00', 252),
(253, 'Louis', 'Edwards', 95, 'M', 'Alzheimers', 'memory', 'critical', 'specialFoods', '2025-02-26 12:05:00', 253),
(254, 'Sofia', 'Mendoza', 86, 'F', 'heart disease', 'cardiac', 'moderate', 'medicationSchedule', '2025-02-27 09:25:00', 254),
(255, 'Eugene', 'Collins', 90, 'M', 'COPD', 'respiratory', 'moderate', 'specialFoods', '2025-02-27 14:45:00', 255),
(256, 'Blanca', 'Ramos', 81, 'F', 'wheelchair use', 'mobility', 'low', 'walker', '2025-02-28 10:10:00', 256),
(257, 'Ralph', 'Stewart', 88, 'M', 'dementia', 'memory', 'high', 'specialFoods', '2025-02-28 15:45:00', 257),
(258, 'Esperanza', 'Gutierrez', 84, 'F', 'heart failure', 'cardiac', 'high', 'lowSodiumDiet', '2025-03-01 09:00:00', 258),
(259, 'Victor', 'Morris', 93, 'M', 'oxygen dependent', 'respiratory', 'critical', 'oxygenTank', '2025-03-01 11:20:00', 259),
(260, 'Dolores', 'Reyes', 87, 'F', 'panic disorders', 'mental_health', 'moderate', 'quietEnvironment', '2025-03-02 09:35:00', 260),
(261, 'Willie', 'Rogers', 96, 'M', 'wheelchair use', 'mobility', 'critical', 'wheelchairAccess', '2025-03-02 13:55:00', 261),
(262, 'Concepcion', 'Alvarez', 85, 'F', 'confusion', 'memory', 'moderate', 'specialFoods', '2025-03-03 10:25:00', 262),
(263, 'Albert', 'Reed', 89, 'M', 'heart disease', 'cardiac', 'moderate', 'medicationSchedule', '2025-03-03 16:05:00', 263),
(264, 'Alicia', 'Moreno', 82, 'F', 'asthma', 'respiratory', 'low', 'specialFoods', '2025-03-04 08:45:00', 264),
(265, 'Carl', 'Cook', 91, 'M', 'difficulty walking', 'mobility', 'moderate', 'walker', '2025-03-04 12:30:00', 265),
(266, 'Graciela', 'Delgado', 86, 'F', 'Alzheimers', 'memory', 'high', 'specialFoods', '2025-03-05 09:15:00', 266),
(267, 'Henry', 'Morgan', 92, 'M', 'heart failure', 'cardiac', 'high', 'lowSodiumDiet', '2025-03-05 14:25:00', 267),
(268, 'Esther', 'Silva', 84, 'F', 'COPD', 'respiratory', 'moderate', 'specialFoods', '2025-03-06 10:40:00', 268),
(269, 'Walter', 'Bell', 94, 'M', 'wheelchair use', 'mobility', 'critical', 'wheelchairAccess', '2025-03-06 16:00:00', 269),
(270, 'Amparo', 'Vasquez', 83, 'F', 'anxiety', 'mental_health', 'low', 'quietEnvironment', '2025-03-07 08:30:00', 270),
(271, 'Ralph', 'Murphy', 88, 'M', 'dementia', 'memory', 'high', 'specialFoods', '2025-03-07 11:50:00', 271),
(272, 'Consuelo', 'Medina', 79, 'F', 'heart disease', 'cardiac', 'low', 'medicationSchedule', '2025-03-08 09:05:00', 272),
(273, 'Eugene', 'Rivera', 90, 'M', 'oxygen dependent', 'respiratory', 'high', 'oxygenTank', '2025-03-08 13:35:00', 273),
(274, 'Rocio', 'Aguilar', 86, 'F', 'wheelchair use', 'mobility', 'moderate', 'walker', '2025-03-09 10:20:00', 274),
(275, 'Frank', 'Cooper', 89, 'M', 'dementia', 'memory', 'high', 'specialFoods', '2025-03-09 16:35:00', 275),
(276, 'Luz', 'Pena', 85, 'F', 'heart disease', 'cardiac', 'moderate', 'medicationSchedule', '2025-03-10 08:55:00', 276),
(277, 'Louis', 'Richardson', 93, 'M', 'COPD', 'respiratory', 'moderate', 'specialFoods', '2025-03-10 12:15:00', 277),
(278, 'Ofelia', 'Rios', 81, 'F', 'panic disorders', 'mental_health', 'moderate', 'quietEnvironment', '2025-03-11 09:30:00', 278),
(279, 'Harold', 'Cox', 95, 'M', 'wheelchair use', 'mobility', 'critical', 'wheelchairAccess', '2025-03-11 14:45:00', 279),
(280, 'Teresa', 'Valdez', 87, 'F', 'Alzheimers', 'memory', 'high', 'specialFoods', '2025-03-12 10:10:00', 280),
(281, 'George', 'Howard', 88, 'M', 'heart failure', 'cardiac', 'high', 'lowSodiumDiet', '2025-03-12 15:25:00', 281),
(282, 'Norma', 'Ward', 84, 'F', 'asthma', 'respiratory', 'low', 'specialFoods', '2025-03-13 08:40:00', 282),
(283, 'Raymond', 'Torres', 92, 'M', 'difficulty walking', 'mobility', 'moderate', 'walker', '2025-03-13 12:00:00', 283),
(284, 'Iris', 'Peterson', 80, 'F', 'confusion', 'memory', 'moderate', 'specialFoods', '2025-03-14 09:15:00', 284),
(285, 'Arthur', 'Gray', 90, 'M', 'heart disease', 'cardiac', 'moderate', 'medicationSchedule', '2025-03-14 13:30:00', 285),
(286, 'Elvira', 'Ramirez', 85, 'F', 'COPD', 'respiratory', 'moderate', 'specialFoods', '2025-03-15 10:45:00', 286),
(287, 'Willie', 'James', 94, 'M', 'wheelchair use', 'mobility', 'critical', 'wheelchairAccess', '2025-03-15 16:05:00', 287),
(288, 'Adriana', 'Watson', 83, 'F', 'anxiety', 'mental_health', 'low', 'quietEnvironment', '2025-03-16 08:20:00', 288),
(289, 'Eugene', 'Brooks', 88, 'M', 'dementia', 'memory', 'high', 'specialFoods', '2025-03-16 12:35:00', 289),
(290, 'Guadalupe', 'Kelly', 78, 'F', 'heart disease', 'cardiac', 'low', 'medicationSchedule', '2025-03-17 09:50:00', 290),
(291, 'Victor', 'Sanders', 91, 'M', 'oxygen dependent', 'respiratory', 'high', 'oxygenTank', '2025-03-17 14:10:00', 291),
(292, 'Rosario', 'Price', 86, 'F', 'wheelchair use', 'mobility', 'moderate', 'walker', '2025-03-18 10:25:00', 292),
(293, 'Louis', 'Bennett', 89, 'M', 'Alzheimers', 'memory', 'high', 'specialFoods', '2025-03-18 15:40:00', 293),
(294, 'Marta', 'Wood', 82, 'F', 'heart failure', 'cardiac', 'moderate', 'lowSodiumDiet', '2025-03-19 08:55:00', 294),
(295, 'Harold', 'Barnes', 96, 'M', 'COPD', 'respiratory', 'moderate', 'specialFoods', '2025-03-19 12:15:00', 295),
(296, 'Beatriz', 'Ross', 84, 'F', 'panic disorders', 'mental_health', 'moderate', 'quietEnvironment', '2025-03-20 09:30:00', 296),
(297, 'Raymond', 'Henderson', 90, 'M', 'wheelchair use', 'mobility', 'critical', 'wheelchairAccess', '2025-03-20 13:45:00', 297),
(298, 'Soledad', 'Coleman', 87, 'F', 'dementia', 'memory', 'high', 'specialFoods', '2025-03-21 11:00:00', 298),
(299, 'Willie', 'Jenkins', 93, 'M', 'heart disease', 'cardiac', 'moderate', 'medicationSchedule', '2025-03-21 16:20:00', 299),
(300, 'Catalina', 'Perry', 81, 'F', 'asthma', 'respiratory', 'low', 'specialFoods', '2025-03-22 08:35:00', 300),
(301, 'Eugene', 'Powell', 88, 'M', 'difficulty walking', 'mobility', 'moderate', 'walker', '2025-03-22 11:55:00', 301),
(302, 'Esperanza', 'Long', 85, 'F', 'confusion', 'memory', 'moderate', 'specialFoods', '2025-03-23 09:10:00', 302),
(303, 'Arthur', 'Patterson', 92, 'M', 'heart disease', 'cardiac', 'moderate', 'medicationSchedule', '2025-03-23 13:25:00', 303),
(304, 'Diana', 'Hughes', 86, 'F', 'COPD', 'respiratory', 'moderate', 'specialFoods', '2025-03-24 10:40:00', 304),
(305, 'George', 'Flores', 89, 'M', 'wheelchair use', 'mobility', 'critical', 'wheelchairAccess', '2025-03-24 15:55:00', 305),
(306, 'Aurora', 'Washington', 82, 'F', 'anxiety', 'mental_health', 'low', 'quietEnvironment', '2025-03-25 08:10:00', 306),
(307, 'Louis', 'Butler', 91, 'M', 'dementia', 'memory', 'high', 'specialFoods', '2025-03-25 12:30:00', 307),
(308, 'Ines', 'Simmons', 84, 'F', 'heart failure', 'cardiac', 'high', 'lowSodiumDiet', '2025-03-26 09:45:00', 308),
(309, 'Raymond', 'Foster', 90, 'M', 'oxygen dependent', 'respiratory', 'high', 'oxygenTank', '2025-03-26 14:00:00', 309),
(310, 'Olga', 'Gonzales', 79, 'F', 'wheelchair use', 'mobility', 'low', 'walker', '2025-03-27 10:15:00', 310),
(311, 'Harold', 'Bryant', 94, 'M', 'Alzheimers', 'memory', 'critical', 'specialFoods', '2025-03-27 15:30:00', 311),
(312, 'Raquel', 'Alexander', 87, 'F', 'heart disease', 'cardiac', 'moderate', 'medicationSchedule', '2025-03-28 08:45:00', 312),
(313, 'Eugene', 'Russell', 88, 'M', 'COPD', 'respiratory', 'moderate', 'specialFoods', '2025-03-28 12:05:00', 313),
(314, 'Pilar', 'Griffin', 85, 'F', 'panic disorders', 'mental_health', 'moderate', 'quietEnvironment', '2025-03-29 09:20:00', 314),
(315, 'Willie', 'Diaz', 97, 'M', 'wheelchair use', 'mobility', 'critical', 'wheelchairAccess', '2025-03-29 13:35:00', 315),
(316, 'Mercedes', 'Hayes', 83, 'F', 'dementia', 'memory', 'high', 'specialFoods', '2025-03-30 10:50:00', 316),
(317, 'Louis', 'Myers', 92, 'M', 'heart disease', 'cardiac', 'moderate', 'medicationSchedule', '2025-03-30 16:05:00', 317),
(318, 'Leticia', 'Ford', 80, 'F', 'asthma', 'respiratory', 'low', 'specialFoods', '2025-03-31 08:20:00', 318),
(319, 'Harold', 'Hamilton', 89, 'M', 'difficulty walking', 'mobility', 'moderate', 'walker', '2025-03-31 11:40:00', 319),
(320, 'Margarita', 'Graham', 86, 'F', 'confusion', 'memory', 'moderate', 'specialFoods', '2025-03-31 14:55:00', 320),
(321, 'Arthur', 'Sullivan', 91, 'M', 'heart failure', 'cardiac', 'high', 'lowSodiumDiet', '2025-03-31 16:15:00', 321),
(322, 'Dora', 'Wallace', 81, 'F', 'COPD', 'respiratory', 'moderate', 'specialFoods', '2025-03-31 17:30:00', 322),
(323, 'Raymond', 'Woods', 93, 'M', 'wheelchair use', 'mobility', 'critical', 'wheelchairAccess', '2025-03-31 18:45:00', 323),
(324, 'Elena', 'Cole', 84, 'F', 'anxiety', 'mental_health', 'low', 'quietEnvironment', '2025-03-31 20:00:00', 324),
(325, 'Eugene', 'West', 88, 'M', 'dementia', 'memory', 'high', 'specialFoods', '2025-03-31 20:10:00', 325),
(326, 'Felicia', 'Jordan', 82, 'F', 'heart disease', 'cardiac', 'moderate', 'medicationSchedule', '2025-03-31 21:25:00', 326),
(327, 'Willie', 'Owens', 95, 'M', 'oxygen dependent', 'respiratory', 'critical', 'oxygenTank', '2025-03-31 22:40:00', 327),
(328, 'Gabriela', 'Reynolds', 78, 'F', 'wheelchair use', 'mobility', 'low', 'walker', '2025-03-31 23:55:00', 328),
(329, 'Louis', 'Fisher', 96, 'M', 'Alzheimers', 'memory', 'critical', 'specialFoods', '2025-03-31 23:59:00', 329),
(330, 'Angela', 'Martinez', 86, 'F', 'heart disease', 'cardiac', 'moderate', 'medicationSchedule', '2025-04-01 09:05:00', 330),
(331, 'Benjamin', 'Stone', 92, 'M', 'wheelchair use', 'mobility', 'critical', 'wheelchairAccess', '2025-04-01 13:20:00', 331),
(332, 'Patricia', 'Ruiz', 84, 'F', 'COPD', 'respiratory', 'moderate', 'specialFoods', '2025-04-02 10:35:00', 332),
(333, 'Jonathan', 'Bishop', 94, 'M', 'dementia', 'memory', 'critical', 'specialFoods', '2025-04-02 15:50:00', 333),
(334, 'Monica', 'Dominguez', 81, 'F', 'anxiety', 'mental_health', 'low', 'quietEnvironment', '2025-04-03 08:25:00', 334),
(335, 'Kevin', 'Freeman', 96, 'M', 'heart failure', 'cardiac', 'critical', 'lowSodiumDiet', '2025-04-03 12:45:00', 335),
(336, 'Rosa', 'Castaneda', 87, 'F', 'oxygen dependent', 'respiratory', 'high', 'oxygenTank', '2025-04-04 10:00:00', 336),
(337, 'Jason', 'Wells', 90, 'M', 'Alzheimers', 'memory', 'high', 'specialFoods', '2025-04-04 14:15:00', 337),
(338, 'Laura', 'Espinoza', 85, 'F', 'difficulty walking', 'mobility', 'moderate', 'walker', '2025-04-05 10:30:00', 338),
(339, 'Eric', 'Fuller', 93, 'M', 'heart disease', 'cardiac', 'moderate', 'medicationSchedule', '2025-04-05 16:45:00', 339),
(340, 'Carmen', 'Vega', 82, 'F', 'asthma', 'respiratory', 'low', 'specialFoods', '2025-04-06 09:00:00', 340),
(341, 'Scott', 'Johnston', 95, 'M', 'wheelchair use', 'mobility', 'critical', 'wheelchairAccess', '2025-04-06 13:20:00', 341),
(342, 'Ana', 'Carrillo', 88, 'F', 'confusion', 'memory', 'moderate', 'specialFoods', '2025-04-07 09:35:00', 342),
(343, 'Brian', 'Warren', 89, 'M', 'heart failure', 'cardiac', 'high', 'lowSodiumDiet', '2025-04-07 14:50:00', 343),
(344, 'Sandra', 'Acosta', 79, 'F', 'panic disorders', 'mental_health', 'moderate', 'quietEnvironment', '2025-04-08 10:05:00', 344),
(345, 'Nicholas', 'Holmes', 92, 'M', 'COPD', 'respiratory', 'moderate', 'specialFoods', '2025-04-08 16:25:00', 345),
(346, 'Maria', 'Villanueva', 86, 'F', 'wheelchair use', 'mobility', 'moderate', 'walker', '2025-04-09 08:40:00', 346),
(347, 'Adam', 'Meyer', 94, 'M', 'dementia', 'memory', 'critical', 'specialFoods', '2025-04-09 13:00:00', 347),
(348, 'Lucia', 'Navarro', 87, 'F', 'heart disease', 'cardiac', 'moderate', 'medicationSchedule', '2025-04-10 09:10:00', 348),
(349, 'Jordan', 'Schmidt', 90, 'M', 'oxygen dependent', 'respiratory', 'high', 'oxygenTank', '2025-04-10 14:30:00', 349),
(350, 'Christopher', 'Chen', 49, 'M', 'heart failure', 'cardiac', 'critical', 'lowSodiumDiet', '2025-04-11 10:05:00', 350),
(351, 'Eleanor', 'Johnson', 102, 'F', 'dementia', 'memory', 'critical', 'specialFoods', '2025-04-11 14:20:00', 351),
(352, 'Daniel', 'Kim', 55, 'M', 'wheelchair use', 'mobility', 'high', 'wheelchairAccess', '2025-04-12 09:35:00', 352),
(353, 'Margaret', 'Washington', 95, 'F', 'Alzheimers', 'memory', 'critical', 'specialFoods', '2025-04-12 15:50:00', 353),
(354, 'Michael', 'Rodriguez', 48, 'M', 'COPD', 'respiratory', 'high', 'oxygenTank', '2025-04-13 11:05:00', 354),
(355, 'Agnes', 'Brown', 99, 'F', 'heart disease', 'cardiac', 'high', 'medicationSchedule', '2025-04-13 16:25:00', 355),
(356, 'Jennifer', 'Davis', 52, 'F', 'panic disorders', 'mental_health', 'moderate', 'quietEnvironment', '2025-04-14 10:40:00', 356),
(357, 'Bernard', 'Miller', 100, 'M', 'oxygen dependent', 'respiratory', 'critical', 'oxygenTank', '2025-04-14 14:55:00', 357),
(358, 'Patricia', 'Garcia', 51, 'F', 'difficulty walking', 'mobility', 'moderate', 'walker', '2025-04-15 09:20:00', 358),
(359, 'Edna', 'Williams', 98, 'F', 'dementia', 'memory', 'critical', 'specialFoods', '2025-04-15 15:35:00', 359),
(360, 'Thomas', 'Martinez', 46, 'M', 'anxiety', 'mental_health', 'low', 'quietEnvironment', '2025-04-16 11:50:00', 360),
(361, 'Mildred', 'Jones', 97, 'F', 'heart failure', 'cardiac', 'critical', 'lowSodiumDiet', '2025-04-16 16:05:00', 361);

-- Insert into preparation table
INSERT INTO public.preparation (preparation_id, mobile_home, flood_zone, serious_flood_zone, area, garage, garage_door, covers, evacuation_place, other_place, evacuation_vehicle, clear_route, time_to_destination, fuel, care_recipient_wait_time, purchased_flight_tickets, purchased_bus_tickets, favorite_foods, fun_items, favorite_items, other_items, create_date, caregiver_id) VALUES
(200, 'N', 'Y', 'N', 'Y', 'Y', 'Y', 'Y', 'friendsHouse', NULL, 'car', 'Y', 45, 60, 30, 'N', 'N', 'soup', 'puzzles', 'photoAlbum', NULL, '2025-01-15 10:40:00', 200),
(201, 'N', 'N', 'Y', 'N', 'N', NULL, 'N', 'hotel', NULL, 'bus', 'N', 120, NULL, 60, 'Y', 'N', 'crackers', 'books', 'blanket', NULL, '2025-01-16 11:25:00', 201),
(202, 'Y', 'Y', 'Y', 'Y', 'N', NULL, 'Y', 'publicShelter', NULL, 'car', 'Y', 30, 45, 20, 'N', 'N', 'applesauce', 'cards', 'pillow', NULL, '2025-01-17 14:30:00', 202),
(203, 'N', 'N', 'N', 'Y', 'Y', 'N', 'Y', 'friendsHouse', NULL, 'car', 'Y', 60, 75, 45, 'N', 'N', 'yogurt', 'music', 'walker', NULL, '2025-01-18 09:55:00', 203),
(204, 'N', 'Y', 'N', 'N', 'Y', 'Y', 'N', 'hotel', NULL, 'bus', 'Y', 90, NULL, 50, 'Y', 'Y', 'bananas', 'crossword', 'medications', NULL, '2025-01-19 16:40:00', 204),
(205, 'N', 'N', 'N', 'Y', 'N', NULL, 'Y', 'publicShelter', NULL, 'car', 'N', 45, 50, 25, 'N', 'N', 'bread', 'knitting', 'photoAlbum', NULL, '2025-01-20 08:10:00', 205),
(206, 'Y', 'Y', 'Y', 'Y', 'Y', 'Y', 'Y', 'friendsHouse', NULL, 'car', 'Y', 35, 55, 30, 'N', 'N', 'oatmeal', 'puzzles', 'blanket', NULL, '2025-01-21 12:25:00', 206),
(207, 'N', 'N', 'N', 'N', 'N', NULL, 'N', 'hotel', NULL, 'bus', 'Y', 150, NULL, 70, 'Y', 'N', 'rice', 'books', 'oxygenTank', NULL, '2025-01-22 13:55:00', 207),
(208, 'N', 'Y', 'N', 'Y', 'Y', 'N', 'Y', 'publicShelter', NULL, 'car', 'Y', 50, 65, 35, 'N', 'N', 'pudding', 'cards', 'walker', NULL, '2025-01-23 10:30:00', 208),
(209, 'N', 'N', 'Y', 'N', 'Y', 'Y', 'N', 'friendsHouse', NULL, 'car', 'N', 75, 80, 55, 'N', 'N', 'cereal', 'music', 'pillow', NULL, '2025-01-24 15:10:00', 209),
(210, 'Y', 'Y', 'Y', 'Y', 'N', NULL, 'Y', 'hotel', NULL, 'bus', 'Y', 100, NULL, 60, 'Y', 'Y', 'soup', 'puzzles', 'photoAlbum', NULL, '2025-01-25 11:40:00', 210),
(211, 'N', 'N', 'N', 'Y', 'Y', 'Y', 'Y', 'publicShelter', NULL, 'car', 'Y', 40, 70, 30, 'N', 'N', 'crackers', 'books', 'blanket', NULL, '2025-01-26 09:25:00', 211),
(212, 'N', 'Y', 'N', 'N', 'Y', 'N', 'N', 'friendsHouse', NULL, 'car', 'Y', 65, 60, 40, 'N', 'N', 'applesauce', 'cards', 'pillow', NULL, '2025-01-27 14:55:00', 212),
(213, 'N', 'N', 'N', 'Y', 'N', NULL, 'Y', 'hotel', NULL, 'bus', 'N', 110, NULL, 65, 'Y', 'N', 'yogurt', 'music', 'wheelchair', NULL, '2025-01-28 08:40:00', 213),
(214, 'Y', 'Y', 'Y', 'Y', 'Y', 'Y', 'Y', 'publicShelter', NULL, 'car', 'Y', 30, 50, 25, 'N', 'N', 'bananas', 'crossword', 'medications', NULL, '2025-01-29 12:10:00', 214),
(215, 'N', 'N', 'N', 'N', 'Y', 'Y', 'N', 'friendsHouse', NULL, 'car', 'Y', 55, 75, 35, 'N', 'N', 'bread', 'knitting', 'photoAlbum', NULL, '2025-01-30 16:30:00', 215),
(216, 'N', 'Y', 'N', 'Y', 'N', NULL, 'Y', 'hotel', NULL, 'bus', 'Y', 95, NULL, 55, 'Y', 'Y', 'oatmeal', 'puzzles', 'blanket', NULL, '2025-02-01 10:55:00', 216),
(217, 'N', 'N', 'Y', 'N', 'Y', 'N', 'N', 'publicShelter', NULL, 'car', 'N', 70, 65, 45, 'N', 'N', 'rice', 'books', 'oxygenTank', NULL, '2025-02-02 13:25:00', 217),
(218, 'Y', 'Y', 'Y', 'Y', 'Y', 'Y', 'Y', 'friendsHouse', NULL, 'car', 'Y', 45, 70, 30, 'N', 'N', 'pudding', 'cards', 'walker', NULL, '2025-02-03 09:10:00', 218),
(219, 'N', 'N', 'N', 'Y', 'N', NULL, 'Y', 'hotel', NULL, 'bus', 'Y', 125, NULL, 70, 'Y', 'N', 'cereal', 'music', 'pillow', NULL, '2025-02-04 15:40:00', 219),
(220, 'N', 'Y', 'N', 'N', 'Y', 'Y', 'N', 'publicShelter', NULL, 'car', 'Y', 50, 55, 35, 'N', 'N', 'soup', 'puzzles', 'photoAlbum', NULL, '2025-02-05 11:10:00', 220),
(221, 'N', 'N', 'N', 'Y', 'Y', 'N', 'Y', 'friendsHouse', NULL, 'car', 'N', 80, 85, 50, 'N', 'N', 'crackers', 'books', 'blanket', NULL, '2025-02-06 14:30:00', 221),
(222, 'Y', 'Y', 'Y', 'Y', 'N', NULL, 'Y', 'hotel', NULL, 'bus', 'Y', 105, NULL, 60, 'Y', 'Y', 'applesauce', 'cards', 'pillow', NULL, '2025-02-07 08:55:00', 222),
(223, 'N', 'N', 'N', 'N', 'Y', 'Y', 'N', 'publicShelter', NULL, 'car', 'Y', 35, 60, 25, 'N', 'N', 'yogurt', 'music', 'wheelchair', NULL, '2025-02-08 12:40:00', 223),
(224, 'N', 'Y', 'N', 'Y', 'Y', 'Y', 'Y', 'friendsHouse', NULL, 'car', 'Y', 60, 75, 40, 'N', 'N', 'bananas', 'crossword', 'medications', NULL, '2025-02-09 16:10:00', 224),
(225, 'N', 'N', 'Y', 'N', 'N', NULL, 'N', 'hotel', NULL, 'bus', 'N', 140, NULL, 75, 'Y', 'N', 'bread', 'knitting', 'photoAlbum', NULL, '2025-02-10 10:25:00', 225),
(226, 'Y', 'Y', 'Y', 'Y', 'Y', 'N', 'Y', 'publicShelter', NULL, 'car', 'Y', 40, 65, 30, 'N', 'N', 'oatmeal', 'puzzles', 'blanket', NULL, '2025-02-11 13:55:00', 226),
(227, 'N', 'N', 'N', 'Y', 'Y', 'Y', 'N', 'friendsHouse', NULL, 'car', 'Y', 70, 80, 45, 'N', 'N', 'rice', 'books', 'oxygenTank', NULL, '2025-02-12 09:40:00', 227),
(228, 'N', 'Y', 'N', 'N', 'N', NULL, 'Y', 'hotel', NULL, 'bus', 'Y', 115, NULL, 65, 'Y', 'Y', 'pudding', 'cards', 'walker', NULL, '2025-02-13 15:10:00', 228),
(229, 'N', 'N', 'N', 'Y', 'Y', 'Y', 'Y', 'publicShelter', NULL, 'car', 'N', 55, 70, 35, 'N', 'N', 'cereal', 'music', 'pillow', NULL, '2025-02-14 11:30:00', 229),
(230, 'N', 'Y', 'N', 'Y', 'Y', 'Y', 'Y', 'friendsHouse', NULL, 'car', 'Y', 50, 65, 35, 'N', 'N', 'soup', 'puzzles', 'photoAlbum', NULL, '2025-02-15 09:25:00', 230),
(231, 'N', 'N', 'Y', 'N', 'N', NULL, 'N', 'hotel', NULL, 'bus', 'N', 130, NULL, 65, 'Y', 'N', 'crackers', 'books', 'blanket', NULL, '2025-02-15 14:40:00', 231),
(232, 'Y', 'Y', 'Y', 'Y', 'N', NULL, 'Y', 'publicShelter', NULL, 'car', 'Y', 35, 50, 25, 'N', 'N', 'applesauce', 'cards', 'pillow', NULL, '2025-02-16 10:30:00', 232),
(233, 'N', 'N', 'N', 'Y', 'Y', 'N', 'Y', 'friendsHouse', NULL, 'car', 'Y', 65, 70, 40, 'N', 'N', 'yogurt', 'music', 'walker', NULL, '2025-02-16 16:00:00', 233),
(234, 'N', 'Y', 'N', 'N', 'Y', 'Y', 'N', 'hotel', NULL, 'bus', 'Y', 85, NULL, 55, 'Y', 'Y', 'bananas', 'crossword', 'medications', NULL, '2025-02-17 08:40:00', 234),
(235, 'N', 'N', 'N', 'Y', 'N', NULL, 'Y', 'publicShelter', NULL, 'car', 'N', 50, 55, 30, 'N', 'N', 'bread', 'knitting', 'photoAlbum', NULL, '2025-02-17 12:00:00', 235),
(236, 'Y', 'Y', 'Y', 'Y', 'Y', 'Y', 'Y', 'friendsHouse', NULL, 'car', 'Y', 40, 60, 30, 'N', 'N', 'oatmeal', 'puzzles', 'blanket', NULL, '2025-02-18 09:10:00', 236),
(237, 'N', 'N', 'N', 'N', 'N', NULL, 'N', 'hotel', NULL, 'bus', 'Y', 145, NULL, 75, 'Y', 'N', 'rice', 'books', 'oxygenTank', NULL, '2025-02-18 13:30:00', 237),
(238, 'N', 'Y', 'N', 'Y', 'Y', 'N', 'Y', 'publicShelter', NULL, 'car', 'Y', 55, 70, 40, 'N', 'N', 'pudding', 'cards', 'walker', NULL, '2025-02-19 10:20:00', 238),
(239, 'N', 'N', 'Y', 'N', 'Y', 'Y', 'N', 'friendsHouse', NULL, 'car', 'N', 80, 85, 60, 'N', 'N', 'cereal', 'music', 'pillow', NULL, '2025-02-19 16:35:00', 239),
(240, 'Y', 'Y', 'Y', 'Y', 'N', NULL, 'Y', 'hotel', NULL, 'bus', 'Y', 95, NULL, 65, 'Y', 'Y', 'soup', 'puzzles', 'photoAlbum', NULL, '2025-02-20 09:00:00', 240),
(241, 'N', 'N', 'N', 'Y', 'Y', 'Y', 'Y', 'publicShelter', NULL, 'car', 'Y', 45, 75, 35, 'N', 'N', 'crackers', 'books', 'blanket', NULL, '2025-02-20 12:25:00', 241),
(242, 'N', 'Y', 'N', 'N', 'Y', 'N', 'N', 'friendsHouse', NULL, 'car', 'Y', 70, 65, 45, 'N', 'N', 'applesauce', 'cards', 'pillow', NULL, '2025-02-21 09:40:00', 242),
(243, 'N', 'N', 'N', 'Y', 'N', NULL, 'Y', 'hotel', NULL, 'bus', 'N', 115, NULL, 70, 'Y', 'N', 'yogurt', 'music', 'wheelchair', NULL, '2025-02-21 14:10:00', 243),
(244, 'Y', 'Y', 'Y', 'Y', 'Y', 'Y', 'Y', 'publicShelter', NULL, 'car', 'Y', 25, 45, 20, 'N', 'N', 'bananas', 'crossword', 'medications', NULL, '2025-02-22 10:50:00', 244),
(245, 'N', 'N', 'N', 'N', 'Y', 'Y', 'N', 'friendsHouse', NULL, 'car', 'Y', 60, 80, 50, 'N', 'N', 'bread', 'knitting', 'photoAlbum', NULL, '2025-02-22 15:30:00', 245),
(246, 'N', 'Y', 'N', 'Y', 'N', NULL, 'Y', 'hotel', NULL, 'bus', 'Y', 100, NULL, 60, 'Y', 'Y', 'oatmeal', 'puzzles', 'blanket', NULL, '2025-02-23 09:00:00', 246),
(247, 'N', 'N', 'Y', 'N', 'Y', 'N', 'N', 'publicShelter', NULL, 'car', 'N', 75, 70, 50, 'N', 'N', 'rice', 'books', 'oxygenTank', NULL, '2025-02-23 11:40:00', 247),
(248, 'Y', 'Y', 'Y', 'Y', 'Y', 'Y', 'Y', 'friendsHouse', NULL, 'car', 'Y', 50, 75, 35, 'N', 'N', 'pudding', 'cards', 'walker', NULL, '2025-02-24 09:25:00', 248),
(249, 'N', 'N', 'N', 'Y', 'N', NULL, 'Y', 'hotel', NULL, 'bus', 'Y', 135, NULL, 80, 'Y', 'N', 'cereal', 'music', 'pillow', NULL, '2025-02-24 14:00:00', 249),
(250, 'N', 'Y', 'N', 'N', 'Y', 'Y', 'N', 'publicShelter', NULL, 'car', 'Y', 55, 60, 40, 'N', 'N', 'soup', 'puzzles', 'photoAlbum', NULL, '2025-02-25 10:35:00', 250),
(251, 'N', 'N', 'N', 'Y', 'Y', 'N', 'Y', 'friendsHouse', NULL, 'car', 'N', 85, 90, 55, 'N', 'N', 'crackers', 'books', 'blanket', NULL, '2025-02-25 16:20:00', 251),
(252, 'Y', 'Y', 'Y', 'Y', 'N', NULL, 'Y', 'hotel', NULL, 'bus', 'Y', 110, NULL, 70, 'Y', 'Y', 'applesauce', 'cards', 'pillow', NULL, '2025-02-26 08:45:00', 252),
(253, 'N', 'N', 'N', 'N', 'Y', 'Y', 'N', 'publicShelter', NULL, 'car', 'Y', 30, 50, 25, 'N', 'N', 'bananas', 'crossword', 'medications', NULL, '2025-02-26 12:10:00', 253),
(254, 'N', 'Y', 'N', 'Y', 'N', NULL, 'Y', 'friendsHouse', NULL, 'car', 'Y', 65, 70, 40, 'N', 'N', 'bread', 'knitting', 'photoAlbum', NULL, '2025-02-27 09:30:00', 254),
(255, 'N', 'N', 'Y', 'N', 'Y', 'N', 'N', 'hotel', NULL, 'bus', 'N', 120, NULL, 75, 'Y', 'N', 'oatmeal', 'puzzles', 'blanket', NULL, '2025-02-27 14:50:00', 255),
(256, 'Y', 'Y', 'Y', 'Y', 'Y', 'Y', 'Y', 'publicShelter', NULL, 'car', 'Y', 40, 65, 30, 'N', 'N', 'rice', 'books', 'oxygenTank', NULL, '2025-02-28 10:15:00', 256),
(257, 'N', 'N', 'N', 'Y', 'Y', 'Y', 'N', 'friendsHouse', NULL, 'car', 'Y', 70, 85, 45, 'N', 'N', 'pudding', 'cards', 'walker', NULL, '2025-02-28 15:50:00', 257),
(258, 'N', 'Y', 'N', 'N', 'N', NULL, 'Y', 'hotel', NULL, 'bus', 'Y', 105, NULL, 65, 'Y', 'Y', 'cereal', 'music', 'pillow', NULL, '2025-03-01 09:05:00', 258),
(259, 'N', 'N', 'N', 'Y', 'Y', 'N', 'N', 'publicShelter', NULL, 'car', 'N', 90, 95, 60, 'N', 'N', 'soup', 'puzzles', 'photoAlbum', NULL, '2025-03-01 11:25:00', 259),
(260, 'Y', 'Y', 'Y', 'Y', 'N', NULL, 'Y', 'friendsHouse', NULL, 'car', 'Y', 45, 55, 35, 'N', 'N', 'crackers', 'books', 'blanket', NULL, '2025-03-02 09:40:00', 260),
(261, 'N', 'N', 'N', 'N', 'Y', 'Y', 'N', 'hotel', NULL, 'bus', 'Y', 150, NULL, 85, 'Y', 'N', 'applesauce', 'cards', 'pillow', NULL, '2025-03-02 14:00:00', 261),
(262, 'N', 'Y', 'N', 'Y', 'Y', 'N', 'Y', 'publicShelter', NULL, 'car', 'Y', 60, 75, 40, 'N', 'N', 'yogurt', 'music', 'wheelchair', NULL, '2025-03-03 10:30:00', 262),
(263, 'N', 'N', 'Y', 'N', 'N', NULL, 'N', 'friendsHouse', NULL, 'car', 'N', 95, 100, 65, 'N', 'N', 'bananas', 'crossword', 'medications', NULL, '2025-03-03 16:10:00', 263),
(264, 'Y', 'Y', 'Y', 'Y', 'Y', 'Y', 'Y', 'hotel', NULL, 'bus', 'Y', 80, NULL, 50, 'Y', 'Y', 'bread', 'knitting', 'photoAlbum', NULL, '2025-03-04 08:50:00', 264),
(265, 'N', 'N', 'N', 'Y', 'Y', 'Y', 'N', 'publicShelter', NULL, 'car', 'Y', 35, 60, 25, 'N', 'N', 'oatmeal', 'puzzles', 'blanket', NULL, '2025-03-04 12:35:00', 265),
(266, 'N', 'Y', 'N', 'N', 'N', NULL, 'Y', 'friendsHouse', NULL, 'car', 'Y', 75, 80, 50, 'N', 'N', 'rice', 'books', 'oxygenTank', NULL, '2025-03-05 09:20:00', 266),
(267, 'N', 'N', 'N', 'Y', 'Y', 'N', 'N', 'hotel', NULL, 'bus', 'N', 125, NULL, 80, 'Y', 'N', 'pudding', 'cards', 'walker', NULL, '2025-03-05 14:30:00', 267),
(268, 'Y', 'Y', 'Y', 'Y', 'N', NULL, 'Y', 'publicShelter', NULL, 'car', 'Y', 50, 70, 35, 'N', 'N', 'cereal', 'music', 'pillow', NULL, '2025-03-06 10:45:00', 268),
(269, 'N', 'N', 'N', 'N', 'Y', 'Y', 'N', 'friendsHouse', NULL, 'car', 'Y', 65, 85, 45, 'N', 'N', 'soup', 'puzzles', 'photoAlbum', NULL, '2025-03-06 16:05:00', 269),
(270, 'N', 'Y', 'N', 'Y', 'Y', 'N', 'Y', 'hotel', NULL, 'bus', 'Y', 115, NULL, 70, 'Y', 'Y', 'crackers', 'books', 'blanket', NULL, '2025-03-07 08:35:00', 270),
(271, 'N', 'N', 'Y', 'N', 'N', NULL, 'N', 'publicShelter', NULL, 'car', 'N', 100, 105, 70, 'N', 'N', 'applesauce', 'cards', 'pillow', NULL, '2025-03-07 11:55:00', 271),
(272, 'Y', 'Y', 'Y', 'Y', 'Y', 'Y', 'Y', 'friendsHouse', NULL, 'car', 'Y', 30, 50, 20, 'N', 'N', 'yogurt', 'music', 'walker', NULL, '2025-03-08 09:10:00', 272),
(273, 'N', 'N', 'N', 'Y', 'Y', 'Y', 'N', 'hotel', NULL, 'bus', 'Y', 140, NULL, 85, 'Y', 'N', 'bananas', 'crossword', 'medications', NULL, '2025-03-08 13:40:00', 273),
(274, 'N', 'Y', 'N', 'N', 'Y', 'N', 'Y', 'publicShelter', NULL, 'car', 'Y', 55, 65, 40, 'N', 'N', 'bread', 'knitting', 'photoAlbum', NULL, '2025-03-09 10:25:00', 274),
(275, 'N', 'N', 'N', 'Y', 'N', NULL, 'N', 'friendsHouse', NULL, 'car', 'N', 90, 95, 60, 'N', 'N', 'oatmeal', 'puzzles', 'blanket', NULL, '2025-03-09 16:40:00', 275),
(276, 'Y', 'Y', 'Y', 'Y', 'N', NULL, 'Y', 'hotel', NULL, 'bus', 'Y', 70, NULL, 45, 'Y', 'Y', 'rice', 'books', 'oxygenTank', NULL, '2025-03-10 09:00:00', 276),
(277, 'N', 'N', 'N', 'N', 'Y', 'Y', 'N', 'publicShelter', NULL, 'car', 'Y', 40, 70, 30, 'N', 'N', 'pudding', 'cards', 'walker', NULL, '2025-03-10 12:20:00', 277),
(278, 'N', 'Y', 'N', 'Y', 'Y', 'N', 'Y', 'friendsHouse', NULL, 'car', 'Y', 80, 85, 55, 'N', 'N', 'cereal', 'music', 'pillow', NULL, '2025-03-11 09:35:00', 278),
(279, 'N', 'N', 'Y', 'N', 'N', NULL, 'N', 'hotel', NULL, 'bus', 'N', 155, NULL, 90, 'Y', 'N', 'soup', 'puzzles', 'photoAlbum', NULL, '2025-03-11 14:50:00', 279),
(280, 'Y', 'Y', 'Y', 'Y', 'Y', 'Y', 'Y', 'publicShelter', NULL, 'car', 'Y', 25, 45, 20, 'N', 'N', 'crackers', 'books', 'blanket', NULL, '2025-03-12 10:15:00', 280),
(281, 'N', 'N', 'N', 'Y', 'Y', 'Y', 'N', 'friendsHouse', NULL, 'car', 'Y', 70, 90, 50, 'N', 'N', 'applesauce', 'cards', 'pillow', NULL, '2025-03-12 15:30:00', 281),
(282, 'N', 'Y', 'N', 'N', 'N', NULL, 'Y', 'hotel', NULL, 'bus', 'Y', 95, NULL, 60, 'Y', 'Y', 'yogurt', 'music', 'wheelchair', NULL, '2025-03-13 08:45:00', 282),
(283, 'N', 'N', 'N', 'Y', 'Y', 'N', 'N', 'publicShelter', NULL, 'car', 'N', 110, 115, 75, 'N', 'N', 'bananas', 'crossword', 'medications', NULL, '2025-03-13 12:05:00', 283),
(284, 'Y', 'Y', 'Y', 'Y', 'N', NULL, 'Y', 'friendsHouse', NULL, 'car', 'Y', 50, 60, 35, 'N', 'N', 'bread', 'knitting', 'photoAlbum', NULL, '2025-03-14 09:20:00', 284),
(285, 'N', 'N', 'Y', 'N', 'Y', 'Y', 'N', 'hotel', NULL, 'bus', 'Y', 130, NULL, 80, 'Y', 'N', 'oatmeal', 'puzzles', 'blanket', NULL, '2025-03-14 13:35:00', 285),
(286, 'N', 'Y', 'N', 'Y', 'Y', 'N', 'Y', 'publicShelter', NULL, 'car', 'Y', 60, 75, 40, 'N', 'N', 'rice', 'books', 'oxygenTank', NULL, '2025-03-15 10:50:00', 286),
(287, 'N', 'N', 'N', 'N', 'N', NULL, 'N', 'friendsHouse', NULL, 'car', 'N', 105, 110, 70, 'N', 'N', 'pudding', 'cards', 'walker', NULL, '2025-03-15 16:10:00', 287),
(288, 'Y', 'Y', 'Y', 'Y', 'Y', 'Y', 'Y', 'hotel', NULL, 'bus', 'Y', 75, NULL, 50, 'Y', 'Y', 'cereal', 'music', 'pillow', NULL, '2025-03-16 08:25:00', 288),
(289, 'N', 'N', 'N', 'Y', 'Y', 'Y', 'N', 'publicShelter', NULL, 'car', 'Y', 35, 65, 25, 'N', 'N', 'soup', 'puzzles', 'photoAlbum', NULL, '2025-03-16 12:40:00', 289),
(290, 'N', 'Y', 'N', 'N', 'Y', 'N', 'Y', 'friendsHouse', NULL, 'car', 'Y', 85, 90, 60, 'N', 'N', 'crackers', 'books', 'blanket', NULL, '2025-03-17 09:55:00', 290),
(291, 'N', 'N', 'Y', 'N', 'N', NULL, 'N', 'hotel', NULL, 'bus', 'N', 145, NULL, 90, 'Y', 'N', 'applesauce', 'cards', 'pillow', NULL, '2025-03-17 14:15:00', 291),
(292, 'Y', 'Y', 'Y', 'Y', 'N', NULL, 'Y', 'publicShelter', NULL, 'car', 'Y', 45, 70, 30, 'N', 'N', 'yogurt', 'music', 'wheelchair', NULL, '2025-03-18 10:30:00', 292),
(293, 'N', 'N', 'N', 'Y', 'Y', 'Y', 'N', 'friendsHouse', NULL, 'car', 'Y', 75, 95, 55, 'N', 'N', 'bananas', 'crossword', 'medications', NULL, '2025-03-18 15:45:00', 293),
(294, 'N', 'Y', 'N', 'N', 'N', NULL, 'Y', 'hotel', NULL, 'bus', 'Y', 100, NULL, 65, 'Y', 'Y', 'bread', 'knitting', 'photoAlbum', NULL, '2025-03-19 09:00:00', 294),
(295, 'N', 'N', 'N', 'Y', 'Y', 'N', 'N', 'publicShelter', NULL, 'car', 'N', 120, 125, 85, 'N', 'N', 'oatmeal', 'puzzles', 'blanket', NULL, '2025-03-19 12:20:00', 295),
(296, 'Y', 'Y', 'Y', 'Y', 'Y', 'Y', 'Y', 'friendsHouse', NULL, 'car', 'Y', 30, 55, 25, 'N', 'N', 'rice', 'books', 'oxygenTank', NULL, '2025-03-20 09:35:00', 296),
(297, 'N', 'N', 'Y', 'N', 'N', NULL, 'N', 'hotel', NULL, 'bus', 'Y', 160, NULL, 95, 'Y', 'N', 'pudding', 'cards', 'walker', NULL, '2025-03-20 13:50:00', 297),
(298, 'N', 'Y', 'N', 'Y', 'Y', 'N', 'Y', 'publicShelter', NULL, 'car', 'Y', 55, 70, 40, 'N', 'N', 'cereal', 'music', 'pillow', NULL, '2025-03-21 11:05:00', 298),
(299, 'N', 'N', 'N', 'N', 'Y', 'Y', 'N', 'friendsHouse', NULL, 'car', 'Y', 90, 100, 65, 'N', 'N', 'soup', 'puzzles', 'photoAlbum', NULL, '2025-03-21 16:25:00', 299),
(300, 'Y', 'Y', 'Y', 'Y', 'N', NULL, 'Y', 'hotel', NULL, 'bus', 'Y', 65, NULL, 45, 'Y', 'Y', 'crackers', 'books', 'blanket', NULL, '2025-03-22 08:40:00', 300),
(301, 'N', 'N', 'N', 'Y', 'Y', 'Y', 'N', 'publicShelter', NULL, 'car', 'Y', 40, 75, 30, 'N', 'N', 'applesauce', 'cards', 'pillow', NULL, '2025-03-22 12:00:00', 301),
(302, 'N', 'Y', 'N', 'N', 'Y', 'N', 'Y', 'friendsHouse', NULL, 'car', 'Y', 80, 85, 55, 'N', 'N', 'yogurt', 'music', 'wheelchair', NULL, '2025-03-23 09:15:00', 302),
(303, 'N', 'N', 'Y', 'N', 'N', NULL, 'N', 'hotel', NULL, 'bus', 'N', 135, NULL, 85, 'Y', 'N', 'bananas', 'crossword', 'medications', NULL, '2025-03-23 13:30:00', 303),
(304, 'Y', 'Y', 'Y', 'Y', 'Y', 'Y', 'Y', 'publicShelter', NULL, 'car', 'Y', 25, 50, 20, 'N', 'N', 'bread', 'knitting', 'photoAlbum', NULL, '2025-03-24 10:45:00', 304),
(305, 'N', 'N', 'N', 'Y', 'Y', 'Y', 'N', 'friendsHouse', NULL, 'car', 'Y', 70, 90, 50, 'N', 'N', 'oatmeal', 'puzzles', 'blanket', NULL, '2025-03-24 16:00:00', 305),
(306, 'N', 'Y', 'N', 'N', 'N', NULL, 'Y', 'hotel', NULL, 'bus', 'Y', 90, NULL, 60, 'Y', 'Y', 'rice', 'books', 'oxygenTank', NULL, '2025-03-25 08:10:00', 306),
(307, 'N', 'N', 'N', 'Y', 'Y', 'N', 'N', 'publicShelter', NULL, 'car', 'N', 115, 120, 80, 'N', 'N', 'pudding', 'cards', 'walker', NULL, '2025-03-25 12:35:00', 307),
(308, 'Y', 'Y', 'Y', 'Y', 'N', NULL, 'Y', 'friendsHouse', NULL, 'car', 'Y', 50, 65, 35, 'N', 'N', 'cereal', 'music', 'pillow', NULL, '2025-03-26 09:50:00', 308),
(309, 'N', 'N', 'Y', 'N', 'Y', 'Y', 'N', 'hotel', NULL, 'bus', 'Y', 140, NULL, 90, 'Y', 'N', 'soup', 'puzzles', 'photoAlbum', NULL, '2025-03-26 14:05:00', 309),
(310, 'N', 'Y', 'N', 'Y', 'Y', 'N', 'Y', 'publicShelter', NULL, 'car', 'Y', 60, 75, 40, 'N', 'N', 'crackers', 'books', 'blanket', NULL, '2025-03-27 10:20:00', 310),
(311, 'N', 'N', 'N', 'N', 'N', NULL, 'N', 'friendsHouse', NULL, 'car', 'N', 110, 115, 75, 'N', 'N', 'applesauce', 'cards', 'pillow', NULL, '2025-03-27 15:35:00', 311),
(312, 'Y', 'Y', 'Y', 'Y', 'Y', 'Y', 'Y', 'hotel', NULL, 'bus', 'Y', 70, NULL, 50, 'Y', 'Y', 'yogurt', 'music', 'wheelchair', NULL, '2025-03-28 08:50:00', 312),
(313, 'N', 'N', 'N', 'Y', 'Y', 'Y', 'N', 'publicShelter', NULL, 'car', 'Y', 35, 70, 25, 'N', 'N', 'bananas', 'crossword', 'medications', NULL, '2025-03-28 12:10:00', 313),
(314, 'N', 'Y', 'N', 'N', 'Y', 'N', 'Y', 'friendsHouse', NULL, 'car', 'Y', 85, 90, 60, 'N', 'N', 'bread', 'knitting', 'photoAlbum', NULL, '2025-03-29 09:25:00', 314),
(315, 'N', 'N', 'Y', 'N', 'N', NULL, 'N', 'hotel', NULL, 'bus', 'N', 150, NULL, 100, 'Y', 'N', 'oatmeal', 'puzzles', 'blanket', NULL, '2025-03-29 13:40:00', 315),
(316, 'Y', 'Y', 'Y', 'Y', 'N', NULL, 'Y', 'publicShelter', NULL, 'car', 'Y', 45, 60, 30, 'N', 'N', 'rice', 'books', 'oxygenTank', NULL, '2025-03-30 10:55:00', 316),
(317, 'N', 'N', 'N', 'Y', 'Y', 'Y', 'N', 'friendsHouse', NULL, 'car', 'Y', 80, 95, 55, 'N', 'N', 'pudding', 'cards', 'walker', NULL, '2025-03-30 16:10:00', 317),
(318, 'N', 'Y', 'N', 'N', 'N', NULL, 'Y', 'hotel', NULL, 'bus', 'Y', 95, NULL, 65, 'Y', 'Y', 'cereal', 'music', 'pillow', NULL, '2025-03-31 08:25:00', 318),
(319, 'N', 'N', 'N', 'Y', 'Y', 'N', 'N', 'publicShelter', NULL, 'car', 'N', 125, 130, 85, 'N', 'N', 'soup', 'puzzles', 'photoAlbum', NULL, '2025-03-31 11:45:00', 319),
(320, 'Y', 'Y', 'Y', 'Y', 'Y', 'Y', 'Y', 'friendsHouse', NULL, 'car', 'Y', 30, 55, 25, 'N', 'N', 'crackers', 'books', 'blanket', NULL, '2025-03-31 15:00:00', 320),
(321, 'N', 'N', 'Y', 'N', 'Y', 'Y', 'N', 'hotel', NULL, 'bus', 'Y', 145, NULL, 95, 'Y', 'N', 'applesauce', 'cards', 'pillow', NULL, '2025-03-31 16:20:00', 321),
(322, 'N', 'Y', 'N', 'Y', 'Y', 'N', 'Y', 'publicShelter', NULL, 'car', 'Y', 55, 70, 40, 'N', 'N', 'yogurt', 'music', 'wheelchair', NULL, '2025-03-31 17:35:00', 322),
(323, 'N', 'N', 'N', 'N', 'N', NULL, 'N', 'friendsHouse', NULL, 'car', 'N', 100, 105, 70, 'N', 'N', 'bananas', 'crossword', 'medications', NULL, '2025-03-31 18:50:00', 323),
(324, 'Y', 'Y', 'Y', 'Y', 'Y', 'Y', 'Y', 'hotel', NULL, 'bus', 'Y', 60, NULL, 45, 'Y', 'Y', 'bread', 'knitting', 'photoAlbum', NULL, '2025-03-31 20:05:00', 324),
(325, 'N', 'N', 'N', 'Y', 'Y', 'Y', 'N', 'publicShelter', NULL, 'car', 'Y', 40, 75, 30, 'N', 'N', 'oatmeal', 'puzzles', 'blanket', NULL, '2025-03-31 20:15:00', 325),
(326, 'N', 'Y', 'N', 'N', 'Y', 'N', 'Y', 'friendsHouse', NULL, 'car', 'Y', 90, 95, 65, 'N', 'N', 'rice', 'books', 'oxygenTank', NULL, '2025-03-31 21:30:00', 326),
(327, 'N', 'N', 'Y', 'N', 'N', NULL, 'N', 'hotel', NULL, 'bus', 'N', 155, NULL, 100, 'Y', 'N', 'pudding', 'cards', 'walker', NULL, '2025-03-31 22:45:00', 327),
(328, 'Y', 'Y', 'Y', 'Y', 'N', NULL, 'Y', 'publicShelter', NULL, 'car', 'Y', 50, 65, 35, 'N', 'N', 'cereal', 'music', 'pillow', NULL, '2025-03-31 23:00:00', 328),
(329, 'N', 'N', 'N', 'Y', 'Y', 'Y', 'N', 'friendsHouse', NULL, 'car', 'Y', 75, 100, 60, 'N', 'N', 'soup', 'puzzles', 'photoAlbum', NULL, '2025-03-31 23:59:00', 329),
(330, 'N', 'Y', 'N', 'Y', 'Y', 'Y', 'N', 'publicShelter', NULL, 'car', 'Y', 60, 70, 40, 'N', 'N', 'crackers', 'books', 'blanket', NULL, '2025-04-01 09:10:00', 330),
(331, 'N', 'N', 'Y', 'N', 'N', NULL, 'N', 'hotel', NULL, 'bus', 'N', 165, NULL, 105, 'Y', 'N', 'applesauce', 'cards', 'pillow', NULL, '2025-04-01 13:25:00', 331),
(332, 'Y', 'Y', 'Y', 'Y', 'N', NULL, 'Y', 'friendsHouse', NULL, 'car', 'Y', 45, 60, 30, 'N', 'N', 'yogurt', 'music', 'wheelchair', NULL, '2025-04-02 10:40:00', 332),
(333, 'N', 'N', 'N', 'Y', 'Y', 'Y', 'N', 'publicShelter', NULL, 'car', 'Y', 30, 55, 20, 'N', 'N', 'bananas', 'crossword', 'medications', NULL, '2025-04-02 15:55:00', 333),
(334, 'N', 'Y', 'N', 'N', 'Y', 'N', 'Y', 'hotel', NULL, 'bus', 'Y', 85, NULL, 55, 'Y', 'Y', 'bread', 'knitting', 'photoAlbum', NULL, '2025-04-03 08:30:00', 334),
(335, 'N', 'N', 'N', 'Y', 'N', NULL, 'N', 'friendsHouse', NULL, 'car', 'N', 120, 125, 90, 'N', 'N', 'oatmeal', 'puzzles', 'blanket', NULL, '2025-04-03 12:50:00', 335),
(336, 'Y', 'Y', 'Y', 'Y', 'Y', 'Y', 'Y', 'publicShelter', NULL, 'car', 'Y', 35, 65, 25, 'N', 'N', 'rice', 'books', 'oxygenTank', NULL, '2025-04-04 10:05:00', 336),
(337, 'N', 'N', 'Y', 'N', 'Y', 'Y', 'N', 'hotel', NULL, 'bus', 'Y', 150, NULL, 95, 'Y', 'N', 'pudding', 'cards', 'walker', NULL, '2025-04-04 14:20:00', 337),
(338, 'N', 'Y', 'N', 'Y', 'Y', 'N', 'Y', 'friendsHouse', NULL, 'car', 'Y', 70, 80, 50, 'N', 'N', 'cereal', 'music', 'pillow', NULL, '2025-04-05 10:35:00', 338),
(339, 'N', 'N', 'N', 'N', 'N', NULL, 'N', 'publicShelter', NULL, 'car', 'N', 130, 135, 95, 'N', 'N', 'soup', 'puzzles', 'photoAlbum', NULL, '2025-04-05 16:50:00', 339),
(340, 'Y', 'Y', 'Y', 'Y', 'N', NULL, 'Y', 'hotel', NULL, 'bus', 'Y', 55, NULL, 40, 'Y', 'Y', 'crackers', 'books', 'blanket', NULL, '2025-04-06 09:05:00', 340),
(341, 'N', 'N', 'N', 'Y', 'Y', 'Y', 'N', 'friendsHouse', NULL, 'car', 'Y', 40, 80, 30, 'N', 'N', 'applesauce', 'cards', 'pillow', NULL, '2025-04-06 13:25:00', 341),
(342, 'N', 'Y', 'N', 'N', 'Y', 'N', 'Y', 'publicShelter', NULL, 'car', 'Y', 65, 70, 45, 'N', 'N', 'yogurt', 'music', 'wheelchair', NULL, '2025-04-07 09:40:00', 342),
(343, 'N', 'N', 'Y', 'N', 'N', NULL, 'N', 'hotel', NULL, 'bus', 'N', 170, NULL, 110, 'Y', 'N', 'bananas', 'crossword', 'medications', NULL, '2025-04-07 14:55:00', 343),
(344, 'Y', 'Y', 'Y', 'Y', 'Y', 'Y', 'Y', 'friendsHouse', NULL, 'car', 'Y', 25, 50, 20, 'N', 'N', 'bread', 'knitting', 'photoAlbum', NULL, '2025-04-08 10:10:00', 344),
(345, 'N', 'N', 'N', 'Y', 'Y', 'Y', 'N', 'publicShelter', NULL, 'car', 'Y', 50, 75, 35, 'N', 'N', 'oatmeal', 'puzzles', 'blanket', NULL, '2025-04-08 16:30:00', 345),
(346, 'N', 'Y', 'N', 'N', 'Y', 'N', 'Y', 'hotel', NULL, 'bus', 'Y', 75, NULL, 50, 'Y', 'Y', 'rice', 'books', 'oxygenTank', NULL, '2025-04-09 08:45:00', 346),
(347, 'N', 'N', 'N', 'Y', 'N', NULL, 'N', 'friendsHouse', NULL, 'car', 'N', 140, 145, 100, 'N', 'N', 'pudding', 'cards', 'walker', NULL, '2025-04-09 13:05:00', 347),
(348, 'Y', 'Y', 'Y', 'Y', 'N', NULL, 'Y', 'publicShelter', NULL, 'car', 'Y', 55, 70, 40, 'N', 'N', 'cereal', 'music', 'pillow', NULL, '2025-04-10 09:15:00', 348),
(349, 'N', 'N', 'Y', 'N', 'Y', 'Y', 'N', 'hotel', NULL, 'bus', 'Y', 135, NULL, 90, 'Y', 'N', 'soup', 'puzzles', 'photoAlbum', NULL, '2025-04-10 14:35:00', 349),
(350, 'N', 'Y', 'Y', 'Y', 'Y', 'N', 'Y', 'publicShelter', NULL, 'car', 'N', 40, 50, 20, 'N', 'N', 'crackers', 'books', 'medications', NULL, '2025-04-11 10:10:00', 350),
(351, 'N', 'N', 'N', 'Y', 'Y', 'Y', 'Y', 'friendsHouse', NULL, 'car', 'Y', 25, 40, 15, 'N', 'N', 'soup', 'puzzles', 'photoAlbum', NULL, '2025-04-11 14:25:00', 351),
(352, 'Y', 'Y', 'Y', 'Y', 'N', NULL, 'Y', 'hotel', NULL, 'bus', 'Y', 90, NULL, 55, 'Y', 'Y', 'applesauce', 'cards', 'wheelchair', NULL, '2025-04-12 09:40:00', 352),
(353, 'N', 'N', 'N', 'Y', 'Y', 'Y', 'N', 'publicShelter', NULL, 'car', 'Y', 30, 45, 20, 'N', 'N', 'yogurt', 'music', 'photoAlbum', NULL, '2025-04-12 15:55:00', 353),
(354, 'N', 'Y', 'N', 'N', 'Y', 'Y', 'Y', 'friendsHouse', NULL, 'car', 'N', 70, 75, 50, 'N', 'N', 'bananas', 'crossword', 'oxygenTank', NULL, '2025-04-13 11:10:00', 354),
(355, 'N', 'N', 'Y', 'Y', 'N', NULL, 'N', 'hotel', NULL, 'bus', 'Y', 120, NULL, 80, 'Y', 'N', 'bread', 'knitting', 'medications', NULL, '2025-04-13 16:30:00', 355),
(356, 'Y', 'Y', 'Y', 'Y', 'Y', 'Y', 'Y', 'publicShelter', NULL, 'car', 'Y', 35, 55, 25, 'N', 'N', 'oatmeal', 'puzzles', 'pillow', NULL, '2025-04-14 10:45:00', 356),
(357, 'N', 'N', 'N', 'N', 'Y', 'Y', 'Y', 'friendsHouse', NULL, 'car', 'Y', 20, 35, 15, 'N', 'N', 'rice', 'books', 'oxygenTank', NULL, '2025-04-14 15:00:00', 357),
(358, 'N', 'Y', 'N', 'Y', 'Y', 'N', 'Y', 'hotel', NULL, 'bus', 'Y', 85, NULL, 60, 'Y', 'Y', 'pudding', 'cards', 'walker', NULL, '2025-04-15 09:25:00', 358),
(359, 'N', 'N', 'N', 'Y', 'Y', 'Y', 'N', 'publicShelter', NULL, 'car', 'Y', 35, 50, 20, 'N', 'N', 'cereal', 'music', 'photoAlbum', NULL, '2025-04-15 15:40:00', 359),
(360, 'N', 'N', 'Y', 'N', 'N', NULL, 'N', 'friendsHouse', NULL, 'car', 'N', 100, 110, 70, 'N', 'N', 'soup', 'puzzles', 'blanket', NULL, '2025-04-16 11:55:00', 360),
(361, 'Y', 'Y', 'Y', 'Y', 'N', NULL, 'Y', 'hotel', NULL, 'bus', 'Y', 110, NULL, 75, 'Y', 'N', 'crackers', 'books', 'medications', NULL, '2025-04-16 16:10:00', 361);